/*
Navicat MySQL Data Transfer

Source Server         : localhost_3306
Source Server Version : 50553
Source Host           : localhost:3306
Source Database       : start_admin

Target Server Type    : MYSQL
Target Server Version : 50553
File Encoding         : 65001

Date: 2018-05-29 23:37:23
*/

SET FOREIGN_KEY_CHECKS=0;

-- ----------------------------
-- Table structure for sadmin_admin
-- ----------------------------
DROP TABLE IF EXISTS `sadmin_admin`;
CREATE TABLE `sadmin_admin` (
  `id` int(11) NOT NULL AUTO_INCREMENT,
  `username` varchar(255) COLLATE utf8_unicode_ci NOT NULL COMMENT '用户名',
  `auth_key` varchar(32) COLLATE utf8_unicode_ci NOT NULL COMMENT '授权码',
  `secret_key` varchar(64) COLLATE utf8_unicode_ci NOT NULL DEFAULT '' COMMENT '秘密授权码',
  `password_hash` varchar(255) COLLATE utf8_unicode_ci NOT NULL COMMENT '密码',
  `password_reset_token` varchar(255) COLLATE utf8_unicode_ci DEFAULT NULL COMMENT '重置密码口令',
  `email` varchar(255) COLLATE utf8_unicode_ci NOT NULL COMMENT '邮箱',
  `status` smallint(6) NOT NULL DEFAULT '9' COMMENT '状态.tran:0=删除,1=冻结,2=未通过审核,3=限制登录,4=限制活动,5=登录异常,6=激活失败,9=未激活,10=正常.code:0=Delete,1=Freeze,2=Waiting audit,3=Limit Login,4=Limit Active,5=Login Error,6=Active Error,9=Waiting Active,10=Active.',
  `created_at` int(11) NOT NULL COMMENT '添加时间',
  `updated_at` int(11) NOT NULL COMMENT '修改时间',
  `head_img` varchar(255) COLLATE utf8_unicode_ci DEFAULT NULL COMMENT '头像',
  PRIMARY KEY (`id`),
  UNIQUE KEY `username` (`username`),
  UNIQUE KEY `email` (`email`),
  UNIQUE KEY `auth_key` (`auth_key`),
  UNIQUE KEY `secret_key` (`secret_key`),
  UNIQUE KEY `password_reset_token` (`password_reset_token`)
) ENGINE=InnoDB AUTO_INCREMENT=2 DEFAULT CHARSET=utf8 COLLATE=utf8_unicode_ci;

-- ----------------------------
-- Records of sadmin_admin
-- ----------------------------
INSERT INTO `sadmin_admin` VALUES ('1', 'orx', '6wXn70Qk8u5q1CFcibKJj4Ye3Ms0ibsm', 'vA9wJzpaqcBtfAb5SEEQj-ptDcCYxZ7Nu50I1Pi9nGBJeuhUJ_f31rRuel5sK2UK', '$2y$13$0PjwX8PU54T2GoqH7pbaO.vHzDKmoMp3BKKpj3h7NFb.UisXfLGUe', null, 'lbmzorx@163.com', '10', '0', '1526909542', null);

-- ----------------------------
-- Table structure for sadmin_admin_info
-- ----------------------------
DROP TABLE IF EXISTS `sadmin_admin_info`;
CREATE TABLE `sadmin_admin_info` (
  `id` int(10) unsigned NOT NULL AUTO_INCREMENT,
  `admin_id` int(11) NOT NULL COMMENT '管理员ID',
  `real_name` varchar(50) NOT NULL DEFAULT '' COMMENT '实名',
  `sex` tinyint(4) NOT NULL DEFAULT '1' COMMENT '性别.tran:0=女,1=男.code:0=Female,1=Male.',
  `birthday` varchar(20) NOT NULL DEFAULT '' COMMENT '生日',
  `province` varchar(20) NOT NULL DEFAULT '' COMMENT '省',
  `city` varchar(20) NOT NULL DEFAULT '' COMMENT '市',
  `county` varchar(20) NOT NULL DEFAULT '' COMMENT '县/区',
  `address` varchar(255) NOT NULL DEFAULT '' COMMENT '详细地址',
  `identified_card` varchar(18) NOT NULL DEFAULT '' COMMENT '身份证',
  `status` tinyint(4) NOT NULL DEFAULT '0' COMMENT '状态.tran:0=未实名,1=已实名.code:0=Un Real Name,1=Real Name.',
  `qq` varchar(12) NOT NULL DEFAULT '' COMMENT 'QQ',
  `wechat` varchar(20) NOT NULL DEFAULT '0' COMMENT '微信',
  `weibo` varchar(20) NOT NULL DEFAULT '0' COMMENT '微博',
  `other_mongodb` varchar(255) NOT NULL DEFAULT '0' COMMENT '其他信息',
  `add_time` int(11) NOT NULL DEFAULT '0' COMMENT '添加时间',
  `edit_time` int(11) NOT NULL DEFAULT '0' COMMENT '修改时间',
  PRIMARY KEY (`id`,`admin_id`)
) ENGINE=InnoDB AUTO_INCREMENT=2 DEFAULT CHARSET=utf8;

-- ----------------------------
-- Records of sadmin_admin_info
-- ----------------------------
INSERT INTO `sadmin_admin_info` VALUES ('1', '1', 'orx', '1', '19910901', '贵州省', '黔南州', '荔波县', '贵州省荔波县', '522722199109010714', '0', '234234', '042342341', '021341234', '0213412432阿斯蒂芬', '1523199335', '1523201831');

-- ----------------------------
-- Table structure for sadmin_admin_log
-- ----------------------------
DROP TABLE IF EXISTS `sadmin_admin_log`;
CREATE TABLE `sadmin_admin_log` (
  `id` int(10) unsigned NOT NULL AUTO_INCREMENT COMMENT '自增id',
  `admin_id` int(11) unsigned NOT NULL COMMENT '管理员用户id',
  `route` varchar(255) COLLATE utf8_unicode_ci NOT NULL DEFAULT '' COMMENT '操作路由',
  `description` text COLLATE utf8_unicode_ci COMMENT '操作描述',
  `add_time` int(11) unsigned NOT NULL COMMENT '添加时间',
  `edit_time` int(11) unsigned NOT NULL DEFAULT '0' COMMENT '修改时间',
  PRIMARY KEY (`id`)
) ENGINE=InnoDB AUTO_INCREMENT=68 DEFAULT CHARSET=utf8 COLLATE=utf8_unicode_ci;

-- ----------------------------
-- Records of sadmin_admin_log
-- ----------------------------
INSERT INTO `sadmin_admin_log` VALUES ('60', '1', 'permission/create', '{{%ADMIN_USER%}} [ orx ] {{%BY%}} backend\\models\\form\\Rbac  {{%CREATED%}}  {{%RECORD%}}: <br>角色(name) => /fsdff/asdfasd/f/asdfdasf:GET,<br>Type(type) => ,<br>描述(description) => asdfasfasfasfsfsfasdffasdfsf,<br>Rule Name(ruleName) => ,<br>Data(data) => ,<br>路由(route) => /fsdff/asdfasd/f/asdfdasf,<br>请求方式(method) => GET,<br>组(group) => asdfaasdfasdf,<br>分类(category) => asdfsdfsfsfs,<br>排序(sort) => 0,<br>权限(permissions) => ,<br>角色(roles) => ', '1522497377', '0');
INSERT INTO `sadmin_admin_log` VALUES ('61', '1', 'permission/create', '{{%ADMIN_USER%}} [ orx ] {{%BY%}} backend\\models\\form\\Rbac  {{%CREATED%}}  {{%RECORD%}}: <br>角色(name) => /asdfasfsafasdf/asdfasf:GET,<br>Type(type) => ,<br>描述(description) => asdfasfasasdfasfasf,<br>Rule Name(ruleName) => ,<br>Data(data) => ,<br>路由(route) => /asdfasfsafasdf/asdfasf,<br>请求方式(method) => GET,<br>组(group) => asdfaasdfasdf,<br>分类(category) => ddd,<br>排序(sort) => 4,<br>权限(permissions) => ,<br>角色(roles) => ', '1522497443', '0');
INSERT INTO `sadmin_admin_log` VALUES ('62', '1', 'permission/create', '{{%ADMIN_USER%}} [ orx ] {{%BY%}} backend\\models\\form\\Rbac  {{%CREATED%}}  {{%RECORD%}}: <br>角色(name) => /article/default/index:GET,<br>Type(type) => ,<br>描述(description) => 文章(查看),<br>Rule Name(ruleName) => ,<br>Data(data) => ,<br>路由(route) => /article/default/index,<br>请求方式(method) => GET,<br>组(group) => asdfaasdfasdf,<br>分类(category) => 连连看,<br>排序(sort) => 0,<br>权限(permissions) => ,<br>角色(roles) => ', '1522513308', '0');
INSERT INTO `sadmin_admin_log` VALUES ('63', '1', 'permission/create', '{{%ADMIN_USER%}} [ orx ] {{%BY%}} backend\\models\\form\\Rbac  {{%CREATED%}}  {{%RECORD%}}: <br>角色(name) => /article/default/update:GET,<br>Type(type) => ,<br>描述(description) => 文章更新(查看),<br>Rule Name(ruleName) => ,<br>Data(data) => ,<br>路由(route) => /article/default/update,<br>请求方式(method) => GET,<br>组(group) => asdfaasdfasdf,<br>分类(category) => 连连看,<br>排序(sort) => 0,<br>权限(permissions) => ,<br>角色(roles) => ', '1522513356', '0');
INSERT INTO `sadmin_admin_log` VALUES ('64', '1', 'permission/create', '{{%ADMIN_USER%}} [ orx ] {{%BY%}} backend\\models\\form\\Rbac  {{%CREATED%}}  {{%RECORD%}}: <br>角色(name) => /article/default/update:POST,<br>Type(type) => ,<br>描述(description) => 文章更新(确定),<br>Rule Name(ruleName) => ,<br>Data(data) => ,<br>路由(route) => /article/default/update,<br>请求方式(method) => POST,<br>组(group) => asdfaasdfasdf,<br>分类(category) => 连连看,<br>排序(sort) => 0,<br>权限(permissions) => ,<br>角色(roles) => ', '1522514529', '0');
INSERT INTO `sadmin_admin_log` VALUES ('65', '1', 'role/create', '{{%ADMIN_USER%}} [ orx ] {{%BY%}} backend\\models\\form\\Rbac  {{%CREATED%}}  {{%RECORD%}}: <br>角色(name) => \"\\u5362\\u65af\\u79d1\\u62c9\\u4f1a\\u8ba1\\u6cd5\",<br>Type(type) => null,<br>描述(description) => \"\\u5206\\u5f00\\u62c9\\u5c71\\u53e3\",<br>Rule Name(ruleName) => null,<br>Data(data) => null,<br>路由(route) => null,<br>请求方式(method) => null,<br>组(group) => null,<br>分类(category) => null,<br>排序(sort) => \"3\",<br>权限(permissions) => {\"\\/article\\/default\\/update:GET\":\"\\/article\\/default\\/update:GET\",\"\\/article\\/default\\/index:GET\":\"\\/article\\/default\\/index:GET\",\"\\/asdfasfsafasdf\\/asdfasf:GET\":\"\\/asdfasfsafasdf\\/asdfasf:GET\",\"\\/fsdff\\/asdfasd\\/f\\/asdfdasf:GET\":\"\\/fsdff\\/asdfasd\\/f\\/asdfdasf:GET\",\"\\/aslkdfjk\\/aslkdfj:GET\":\"\\/aslkdfjk\\/aslkdfj:GET\"},<br>角色(roles) => null', '1522682166', '0');
INSERT INTO `sadmin_admin_log` VALUES ('66', '1', 'role/create', '{{%ADMIN_USER%}} [ orx ] {{%BY%}} backend\\models\\form\\Rbac  {{%CREATED%}}  {{%RECORD%}}: <br>角色(name) => \"\\u963f\\u8428\\u5fb7\\u53d1\\u9001\\u65b9\",<br>Type(type) => null,<br>描述(description) => \"\\u963f\\u8428\\u5fb7\\u53d1\\u9001\",<br>Rule Name(ruleName) => null,<br>Data(data) => null,<br>路由(route) => null,<br>请求方式(method) => null,<br>组(group) => null,<br>分类(category) => null,<br>排序(sort) => \"1\",<br>权限(permissions) => {\"\\/article\\/default\\/update:GET\":\"\\/article\\/default\\/update:GET\",\"\\/article\\/default\\/update:POST\":\"\\/article\\/default\\/update:POST\",\"\\/article\\/default\\/index:GET\":\"\\/article\\/default\\/index:GET\",\"\\/asdfasfsafasdf\\/asdfasf:GET\":\"\\/asdfasfsafasdf\\/asdfasf:GET\",\"\\/fsdff\\/asdfasd\\/f\\/asdfdasf:GET\":\"\\/fsdff\\/asdfasd\\/f\\/asdfdasf:GET\"},<br>角色(roles) => null', '1522682981', '0');
INSERT INTO `sadmin_admin_log` VALUES ('67', '1', 'role/delete', '{{%ADMIN_USER%}} [ orx ] {{%BY%}} backend\\models\\form\\Rbac   {{%DELETED%}}  {{%RECORD%}}: <br>角色(name) => \"\\u5362\\u65af\\u79d1\\u62c9\\u4f1a\\u8ba1\\u6cd5\",<br>Type(type) => null,<br>描述(description) => \"\\u5206\\u5f00\\u62c9\\u5c71\\u53e3\",<br>Rule Name(ruleName) => null,<br>Data(data) => null,<br>路由(route) => null,<br>请求方式(method) => null,<br>组(group) => null,<br>分类(category) => null,<br>排序(sort) => \"4\",<br>权限(permissions) => {\"\\/article\\/default\\/index:GET\":\"\\/article\\/default\\/index:GET\",\"\\/article\\/default\\/update:GET\":\"\\/article\\/default\\/update:GET\",\"\\/article\\/default\\/update:POST\":\"\\/article\\/default\\/update:POST\",\"\\/asdfasfsafasdf\\/asdfasf:GET\":\"\\/asdfasfsafasdf\\/asdfasf:GET\",\"\\/aslkdfjk\\/aslkdfj:GET\":\"\\/aslkdfjk\\/aslkdfj:GET\",\"\\/fsdff\\/asdfasd\\/f\\/asdfdasf:GET\":\"\\/fsdff\\/asdfasd\\/f\\/asdfdasf:GET\"},<br>角色(roles) => [\"\\u5362\\u65af\\u79d1\\u62c9\\u4f1a\\u8ba1\\u6cd5\"]', '1522682985', '0');

-- ----------------------------
-- Table structure for sadmin_admin_message
-- ----------------------------
DROP TABLE IF EXISTS `sadmin_admin_message`;
CREATE TABLE `sadmin_admin_message` (
  `id` bigint(20) unsigned NOT NULL AUTO_INCREMENT,
  `to_admin_id` int(11) unsigned NOT NULL DEFAULT '0' COMMENT '收信管理员',
  `from_admin_id` int(11) unsigned NOT NULL DEFAULT '0' COMMENT '发信管理员',
  `spread_type` tinyint(4) unsigned NOT NULL DEFAULT '3' COMMENT '消息类型.tran:0=广播,1=组,2=私信.code:0=Broadcast,1=Group,2=Private.',
  `level` tinyint(4) NOT NULL DEFAULT '0' COMMENT '级别.tran:0=一般,1=1星,2=2星,3=3星,4=4星,5=5星.code:0=Nomal,1=1Star,2=2Star,3=3Star,4=4Star,5=5Star',
  `name` varchar(20) NOT NULL COMMENT '消息名',
  `content` varchar(255) NOT NULL COMMENT '内容',
  `read` tinyint(4) unsigned NOT NULL DEFAULT '0' COMMENT '已读.tran:0=未读,1=已读.code:0=Unread,1=Read.',
  `from_type` tinyint(3) unsigned NOT NULL DEFAULT '0' COMMENT '来源类型.tran:0=管理员,1=用户,2=路人,10=操作系统,11=其他.code:0=Admin,1=User,2=Guest,10=Operate System,11=Other.',
  `add_time` int(11) NOT NULL DEFAULT '0' COMMENT '添加时间',
  PRIMARY KEY (`id`)
) ENGINE=InnoDB AUTO_INCREMENT=40 DEFAULT CHARSET=utf8 COMMENT='管理员消息表';

-- ----------------------------
-- Records of sadmin_admin_message
-- ----------------------------
INSERT INTO `sadmin_admin_message` VALUES ('1', '1', '0', '0', '0', '新年贺喜', '阿斯利康打飞机阿萨德及开发', '0', '0', '1523379561');
INSERT INTO `sadmin_admin_message` VALUES ('2', '1', '1', '2', '0', '阿萨德发送方', '阿斯短发岁的法书法大师傅大师', '1', '0', '1523379678');
INSERT INTO `sadmin_admin_message` VALUES ('3', '0', '0', '0', '0', '啊岁的发撒地方', '阿斯短发打岁发生发送方', '0', '0', '1523381049');
INSERT INTO `sadmin_admin_message` VALUES ('4', '0', '0', '0', '0', '阿萨德发达省份', '0阿斯短发岁的发送', '0', '0', '1523381095');
INSERT INTO `sadmin_admin_message` VALUES ('5', '2', '2', '2', '0', '0', '0', '1', '0', '1523457330');
INSERT INTO `sadmin_admin_message` VALUES ('6', '2', '2', '2', '0', '0', '0', '1', '0', '1523459621');
INSERT INTO `sadmin_admin_message` VALUES ('7', '2', '2', '2', '0', '0', '0', '1', '0', '1523459827');
INSERT INTO `sadmin_admin_message` VALUES ('8', '2', '2', '2', '0', '0阿斯蒂芬阿萨德发送方', '0啊岁的发撒地方', '1', '0', '1523459859');
INSERT INTO `sadmin_admin_message` VALUES ('9', '2', '2', '2', '0', '0阿斯蒂芬阿萨德发送方', '0啊岁的发撒地方', '1', '0', '1523459985');
INSERT INTO `sadmin_admin_message` VALUES ('10', '2', '2', '2', '0', '阿萨德发送', '啊飒飒的发送短发散发', '1', '0', '1523460056');
INSERT INTO `sadmin_admin_message` VALUES ('11', '2', '2', '2', '0', '啊岁的发撒地方打算发送短发的', '阿斯短发打岁发生多发时段', '1', '0', '1523460143');
INSERT INTO `sadmin_admin_message` VALUES ('12', '2', '2', '2', '0', '啊岁的发撒地方打算发送短发的', '阿斯短发打岁发生多发时段', '1', '0', '1523460194');
INSERT INTO `sadmin_admin_message` VALUES ('13', '2', '2', '2', '0', '啊岁的发撒地方打算发送短发的', '阿斯短发打岁发生多发时段', '1', '0', '1523460363');
INSERT INTO `sadmin_admin_message` VALUES ('14', '2', '2', '2', '0', '啊岁的发撒地方', '0阿斯短发岁的法岁的法', '1', '0', '1523460462');
INSERT INTO `sadmin_admin_message` VALUES ('15', '2', '2', '2', '0', '啊岁的发撒地方', '0阿斯短发岁的法岁的法', '1', '0', '1523460864');
INSERT INTO `sadmin_admin_message` VALUES ('16', '2', '2', '2', '0', '0阿斯短发岁的法第三方的萨芬的', '0阿萨德发', '1', '0', '1523461216');
INSERT INTO `sadmin_admin_message` VALUES ('17', '2', '2', '2', '0', '0阿斯短发岁的法第三方的萨芬的', '0阿萨德发', '1', '0', '1523461498');
INSERT INTO `sadmin_admin_message` VALUES ('18', '2', '2', '2', '0', '0阿斯短发岁的法第三方的萨芬的', '0阿萨德发', '1', '0', '1523461500');
INSERT INTO `sadmin_admin_message` VALUES ('19', '2', '2', '2', '0', '0阿斯短发岁的法第三方的萨芬的', '0阿萨德发', '1', '0', '1523461502');
INSERT INTO `sadmin_admin_message` VALUES ('20', '2', '2', '2', '0', '0阿斯短发岁的法第三方的萨芬的', '0阿萨德发', '1', '0', '1523461504');
INSERT INTO `sadmin_admin_message` VALUES ('21', '2', '2', '0', '0', '0', '0', '1', '0', '1523461857');
INSERT INTO `sadmin_admin_message` VALUES ('22', '2', '2', '2', '0', '0环境规划机构合计', '0高官厚爵', '1', '0', '1523461950');
INSERT INTO `sadmin_admin_message` VALUES ('23', '2', '2', '2', '0', '0环境规划机构合计', '0高官厚爵', '1', '0', '1523461986');
INSERT INTO `sadmin_admin_message` VALUES ('24', '2', '2', '2', '0', '0环境规划机构合计', '0高官厚爵', '1', '0', '1523462012');
INSERT INTO `sadmin_admin_message` VALUES ('25', '2', '2', '2', '0', '0环境规划机构合计', '0高官厚爵', '1', '0', '1523462196');
INSERT INTO `sadmin_admin_message` VALUES ('26', '2', '2', '2', '0', '0环境规划机构合计', '0高官厚爵', '1', '0', '1523462212');
INSERT INTO `sadmin_admin_message` VALUES ('27', '2', '2', '2', '0', '0环境规划机构合计', '0高官厚爵', '1', '0', '1523462236');
INSERT INTO `sadmin_admin_message` VALUES ('28', '2', '2', '0', '0', '0asdfasdfasdf', '0asdfasdf', '1', '0', '1523462542');
INSERT INTO `sadmin_admin_message` VALUES ('29', '2', '2', '0', '0', '0asdfdasfa', '0asdfasdfasf', '1', '0', '1523463516');
INSERT INTO `sadmin_admin_message` VALUES ('30', '2', '1', '2', '0', '0asdfasfas', '0asdfasdfadsf', '1', '0', '1523463654');
INSERT INTO `sadmin_admin_message` VALUES ('31', '1', '1', '2', '0', '0asdfasdfas', '0fasdfasdfadsfas', '1', '0', '1523463837');
INSERT INTO `sadmin_admin_message` VALUES ('32', '1', '1', '2', '0', '0asdfas', '0asdfasdfas', '1', '0', '1523463926');
INSERT INTO `sadmin_admin_message` VALUES ('33', '1', '2', '3', '0', '0asfdasdf', '0asdfasfdasfsdf', '0', '0', '1523463966');
INSERT INTO `sadmin_admin_message` VALUES ('34', '2', '2', '2', '0', '0', '0', '1', '0', '1523463974');
INSERT INTO `sadmin_admin_message` VALUES ('35', '2', '1', '2', '0', '0阿萨德发送方', '0阿萨德发送方', '0', '0', '1523545262');
INSERT INTO `sadmin_admin_message` VALUES ('36', '1', '1', '2', '0', '0阿萨德发送方', '0啊岁的发撒地方', '1', '0', '1523545302');
INSERT INTO `sadmin_admin_message` VALUES ('37', '0', '0', '0', '1', 'asdfasf', 'afasdfasfdasfsda', '0', '2', '1527388464');
INSERT INTO `sadmin_admin_message` VALUES ('38', '0', '0', '0', '1', 'asdfasdf', 'klfdjlskaflk;ajf;lkwejk', '0', '2', '1527388542');
INSERT INTO `sadmin_admin_message` VALUES ('39', '0', '0', '0', '1', 'sasfdasfasf', 'asdfasfasdfasfd', '0', '2', '1527388597');

-- ----------------------------
-- Table structure for sadmin_admin_message_log
-- ----------------------------
DROP TABLE IF EXISTS `sadmin_admin_message_log`;
CREATE TABLE `sadmin_admin_message_log` (
  `admin_message_id` int(11) NOT NULL,
  `admin_id` int(11) NOT NULL,
  PRIMARY KEY (`admin_message_id`,`admin_id`),
  KEY `admin_message_id` (`admin_message_id`,`admin_id`)
) ENGINE=InnoDB DEFAULT CHARSET=utf8;

-- ----------------------------
-- Records of sadmin_admin_message_log
-- ----------------------------

-- ----------------------------
-- Table structure for sadmin_auth_assignment
-- ----------------------------
DROP TABLE IF EXISTS `sadmin_auth_assignment`;
CREATE TABLE `sadmin_auth_assignment` (
  `item_name` varchar(64) NOT NULL COMMENT '项目名',
  `user_id` varchar(64) NOT NULL,
  `created_at` int(11) DEFAULT NULL,
  PRIMARY KEY (`item_name`,`user_id`)
) ENGINE=InnoDB DEFAULT CHARSET=utf8;

-- ----------------------------
-- Records of sadmin_auth_assignment
-- ----------------------------

-- ----------------------------
-- Table structure for sadmin_auth_item
-- ----------------------------
DROP TABLE IF EXISTS `sadmin_auth_item`;
CREATE TABLE `sadmin_auth_item` (
  `name` varchar(64) NOT NULL COMMENT '名称',
  `type` smallint(6) NOT NULL COMMENT '类型',
  `description` text COMMENT '描述',
  `rule_name` varchar(64) DEFAULT NULL COMMENT '规则名',
  `data` blob COMMENT '数据',
  `created_at` int(11) DEFAULT NULL COMMENT '添加时间',
  `updated_at` int(11) DEFAULT NULL COMMENT '修改时间',
  PRIMARY KEY (`name`),
  KEY `type` (`type`)
) ENGINE=InnoDB DEFAULT CHARSET=utf8;

-- ----------------------------
-- Records of sadmin_auth_item
-- ----------------------------
INSERT INTO `sadmin_auth_item` VALUES ('/article/default/index:GET', '2', '文章(查看)', null, 0x733A36383A227B2267726F7570223A2261736466616173646661736466222C22736F7274223A2233222C2263617465676F7279223A225C75386664655C75386664655C7537373062227D223B, '1522513308', '1522515271');
INSERT INTO `sadmin_auth_item` VALUES ('/article/default/update:GET', '2', '文章更新(查看)', null, 0x733A36383A227B2267726F7570223A2261736466616173646661736466222C22736F7274223A2230222C2263617465676F7279223A225C75386664655C75386664655C7537373062227D223B, '1522513356', '1522759224');
INSERT INTO `sadmin_auth_item` VALUES ('/article/default/update:POST', '2', '文章更新(确定)', null, 0x733A36383A227B2267726F7570223A2261736466616173646661736466222C22736F7274223A2230222C2263617465676F7279223A225C75386664655C75386664655C7537373062227D223B, '1522514528', '1522514528');
INSERT INTO `sadmin_auth_item` VALUES ('/asdfasfsafasdf/asdfasf:GET', '2', 'asdfasfasasdfasfasf', null, 0x733A35343A227B2267726F7570223A2261736466616173646661736466222C22736F7274223A223131222C2263617465676F7279223A22646464227D223B, '1522497442', '1522500042');
INSERT INTO `sadmin_auth_item` VALUES ('/aslkdfjk/aslkdfj:GET', '2', 'asdfasfas[get]', null, 0x733A34333A227B2267726F7570223A226173222C22736F7274223A223133222C2263617465676F7279223A22646464227D223B, '1522489665', '1522500023');
INSERT INTO `sadmin_auth_item` VALUES ('/fsdff/asdfasd/f/asdfdasf:GET', '2', 'asdfasfasfasfsfsfasdffasdfsf', null, 0x733A36333A227B2267726F7570223A2261736466616173646661736466222C22736F7274223A223131222C2263617465676F7279223A22617364667364667366736673227D223B, '1522497377', '1522500019');
INSERT INTO `sadmin_auth_item` VALUES ('阿萨德发送方', '1', '阿萨德发送', null, 0x733A31323A227B22736F7274223A2231227D223B, '1522682981', '1522758940');

-- ----------------------------
-- Table structure for sadmin_auth_item_child
-- ----------------------------
DROP TABLE IF EXISTS `sadmin_auth_item_child`;
CREATE TABLE `sadmin_auth_item_child` (
  `parent` varchar(64) NOT NULL COMMENT '父级',
  `child` varchar(64) NOT NULL COMMENT '子级',
  PRIMARY KEY (`parent`,`child`)
) ENGINE=InnoDB DEFAULT CHARSET=utf8;

-- ----------------------------
-- Records of sadmin_auth_item_child
-- ----------------------------
INSERT INTO `sadmin_auth_item_child` VALUES ('asdfasdf', '/article/default/index:GET');
INSERT INTO `sadmin_auth_item_child` VALUES ('asdfasdf', '/article/default/update:GET');
INSERT INTO `sadmin_auth_item_child` VALUES ('asdfasdf', '/article/default/update:POST');
INSERT INTO `sadmin_auth_item_child` VALUES ('asdfasdf', '/asdfasfsafasdf/asdfasf:GET');
INSERT INTO `sadmin_auth_item_child` VALUES ('asdfasdf', '/aslkdfjk/aslkdfj:GET');
INSERT INTO `sadmin_auth_item_child` VALUES ('asdfasdf', '/fsdff/asdfasd/f/asdfdasf:GET');
INSERT INTO `sadmin_auth_item_child` VALUES ('卢斯科拉会计法', '/article/default/index:GET');
INSERT INTO `sadmin_auth_item_child` VALUES ('卢斯科拉会计法', '/article/default/update:GET');
INSERT INTO `sadmin_auth_item_child` VALUES ('卢斯科拉会计法', '/article/default/update:POST');
INSERT INTO `sadmin_auth_item_child` VALUES ('卢斯科拉会计法', '/asdfasfsafasdf/asdfasf:GET');
INSERT INTO `sadmin_auth_item_child` VALUES ('卢斯科拉会计法', '/aslkdfjk/aslkdfj:GET');
INSERT INTO `sadmin_auth_item_child` VALUES ('卢斯科拉会计法', '/fsdff/asdfasd/f/asdfdasf:GET');
INSERT INTO `sadmin_auth_item_child` VALUES ('阿萨德发送方', '/article/default/index:GET');
INSERT INTO `sadmin_auth_item_child` VALUES ('阿萨德发送方', '/article/default/update:GET');
INSERT INTO `sadmin_auth_item_child` VALUES ('阿萨德发送方', '/article/default/update:POST');
INSERT INTO `sadmin_auth_item_child` VALUES ('阿萨德发送方', '/asdfasfsafasdf/asdfasf:GET');
INSERT INTO `sadmin_auth_item_child` VALUES ('阿萨德发送方', '/aslkdfjk/aslkdfj:GET');
INSERT INTO `sadmin_auth_item_child` VALUES ('阿萨德发送方', '/fsdff/asdfasd/f/asdfdasf:GET');

-- ----------------------------
-- Table structure for sadmin_auth_rule
-- ----------------------------
DROP TABLE IF EXISTS `sadmin_auth_rule`;
CREATE TABLE `sadmin_auth_rule` (
  `name` varchar(64) NOT NULL COMMENT '名称',
  `data` blob COMMENT '数据',
  `created_at` int(11) DEFAULT NULL COMMENT '添加时间',
  `updated_at` int(11) DEFAULT NULL COMMENT '修改时间',
  PRIMARY KEY (`name`)
) ENGINE=InnoDB DEFAULT CHARSET=utf8;

-- ----------------------------
-- Records of sadmin_auth_rule
-- ----------------------------

-- ----------------------------
-- Table structure for sadmin_log
-- ----------------------------
DROP TABLE IF EXISTS `sadmin_log`;
CREATE TABLE `sadmin_log` (
  `id` bigint(20) unsigned NOT NULL AUTO_INCREMENT,
  `level` int(11) DEFAULT NULL COMMENT '级别.tran:0x00=所有,0x01=致命错误,0x02=警告,0x04=信息,0x08=追踪,0x40=PROFILE,0x50=PROFILE_BEGIN,0x60=PROFILE_END.code:0x00=All,0x01=Error,0x02=Warning,0x04=Info,0x08=Trace,0x40=PROFILE,0x50=PROFILE_BEGIN,0x60=PROFILE_END',
  `category` varchar(255) DEFAULT NULL COMMENT '分类',
  `log_time` float DEFAULT NULL COMMENT '记录时间',
  `prefix` text COMMENT '前缀',
  `message` text COMMENT '信息',
  PRIMARY KEY (`id`)
) ENGINE=MyISAM AUTO_INCREMENT=21 DEFAULT CHARSET=utf8;

-- ----------------------------
-- Records of sadmin_log
-- ----------------------------
INSERT INTO `sadmin_log` VALUES ('1', '1', 'yii\\web\\HttpException:404', '1523630000', '[127.0.0.1][1][ns7nk26fa416h8pg0spq6k3545]', 'yii\\web\\NotFoundHttpException: 页面未找到。 in E:\\www\\Yii\\chonglou\\vendor\\yiisoft\\yii2\\web\\Application.php:114\nStack trace:\n#0 E:\\www\\Yii\\chonglou\\vendor\\yiisoft\\yii2\\base\\Application.php(380): yii\\web\\Application->handleRequest(Object(yii\\web\\Request))\n#1 E:\\www\\Yii\\chonglou\\backend\\web\\index.php(19): yii\\base\\Application->run()\n#2 {main}');
INSERT INTO `sadmin_log` VALUES ('2', '4', 'application', '1523630000', '[127.0.0.1][1][ns7nk26fa416h8pg0spq6k3545]', '$_COOKIE = [\n    \'_csrf-backend\' => \'7f31ba2972ead57e1d5b0f41c5a25370a07be8025007949913d0302cceff6eeba:2:{i:0;s:13:\\\"_csrf-backend\\\";i:1;s:32:\\\"_4aLWGkwGb_2Ge1REk_DXm7_I4bAxZ6c\\\";}\'\n    \'advanced-backend\' => \'ns7nk26fa416h8pg0spq6k3545\'\n]\n\n$_SESSION = [\n    \'__flash\' => [\n        \'Success\' => -1\n    ]\n    \'__returnUrl\' => \'/home/default/index\'\n    \'rsaKey\' => [\n        \'public_key\' => \'MIIBIjANBgkqhkiG9w0BAQEFAAOCAQ8AMIIBCgKCAQEAumso8hErtsjIyYz3RKshsOCOngcKMGr8nA3BOoB2BUjeRqu8cJH4RLXNhRfAKawXhhcG/PrjVgoy3gFJ70unBtmO1ViBsPkAZjiLwb6pAV170R9npGYC6ebZjsD9LR/1PU1bmclo4ShapSzeQCsgAYZrUAUG+uyKlMC2Zpm68qewcGn2LZWpjcxHjRAjE73J6R69WvHjFZZ7Na/COO8FJ3XtGY4TxrrtHCW1tr3GVlnt9zEw6CQxouujRMJvB9Am44uA4xQmwVSIwuCyTd72/U6XBqusyW8n2iubJ8bPUyUr2L0L8T8HlKGqiYdpswNV5isDTQwHXxbpoDyWRL0ZUwIDAQAB\'\n        \'private_key\' => \'-----BEGIN PRIVATE KEY-----\nMIIEvQIBADANBgkqhkiG9w0BAQEFAASCBKcwggSjAgEAAoIBAQC6ayjyESu2yMjJ\njPdEqyGw4I6eBwowavycDcE6gHYFSN5Gq7xwkfhEtc2FF8AprBeGFwb8+uNWCjLe\nAUnvS6cG2Y7VWIGw+QBmOIvBvqkBXXvRH2ekZgLp5tmOwP0tH/U9TVuZyWjhKFql\nLN5AKyABhmtQBQb67IqUwLZmmbryp7BwafYtlamNzEeNECMTvcnpHr1a8eMVlns1\nr8I47wUnde0ZjhPGuu0cJbW2vcZWWe33MTDoJDGi66NEwm8H0Cbji4DjFCbBVIjC\n4LJN3vb9TpcGq6zJbyfaK5snxs9TJSvYvQvxPweUoaqJh2mzA1XmKwNNDAdfFumg\nPJZEvRlTAgMBAAECggEAF1A3eq5zDRTnJ22drtTIDdrHezPeLlfy54FA3RQbrmWC\nhswLcPiQV+d0oGRr/8op1vciRJkLvULhQapfmLGZXd3vYvcCoSNCzYXc1IoHkMgk\nJ+8JgyHO03mvU48HGpGYleYKwpzRpPbq/yUxVk0OX6Jz4Tn/uXnDiv7e0M4A9z+S\nnvkrwuJ1CxC0EILb5gQjl+H8bYjrx+NqujRxHKPlKClCv3Dmx+5bOtk5Helx/hYH\nN76+huFmaKQnygySWDs7ZvunFcE47/fj1t16sO2joWCSxiBR20Yd8QgouhpJETtm\nSzFJ0TKSicj7cQ/j8C7GzTQSncjjzRXx12aL5FZ04QKBgQDsGqfX1/jWoD3l5Pzk\nTjAM5xEMBXLJRCH5VVkHqqcmYdqgG1ChYjSA6FEpTmdvORkplV+VVnVLFePpDDMU\nYiBC5+KcbtSCpXYJ/XREeksJbroXj5LmiD6mP8H9hRtjZoWTrzF45trS8nt+gSo7\nCrnYd+VG+de3oI+p6QnbZ+Y4pwKBgQDKIKpra4hWEPv66zN3d3cy8yLsMfjAFjJV\nOPJMk18te1E++mC8NKNPTc2tix1+/ATBc/+jo608cfaY6xYmpcNEfeAs/+u5D7lk\n8pw7Zp7nty3LGAvoADjW1pFKmvRJdMrWjQJ8GV83XvJosG2EnPUwGBmDS3k6cWLs\n1sutZ3LDdQKBgQDp5U45Sb89/+jSApN1KO/5GD+PBSa9tD1j3+Ue7zQ/ldkbm3O5\nLKyOt5cPsJhPWuVOiKf0LX5tL/ZkPK2tl7gWD9oy1qi39GqHYwr3e58ybPr1tEn3\nDynhUHBBUsfbJQlXUMtV1n0ZVRZ6MENB0lJh3ATK11+YjftEe5REQx2TKQKBgF8B\nQ5kCDi8GBKpH6wT4LhrQlVWXl2gSBs5v2dOMYWwrTmDfpqBPzYL0+vvbK54ILuQO\n9dWglUiX+GSf+uVnfISw9bGxCMcPUQDV2AFDluUrAGc5gj8l+5FfgSMj+jacosp9\ntPFHq62G/0Gdy5xNeiGE8lj4HJ8PtIPF4i47NYIRAoGAHjgv90OjUFwYcWjzYb/+\n4nhuqbd9865008i56GpMI8uCJR/Z+UDKak4vF+v+nTJJ1Zzz9B174LoUipFSKK4g\npmynzit9umfl3YiY6NV9et9kOvLYZZLQiuTHdTQDLy/arWYWheW1tjohVe4hX++s\nx+FcO/SW2Wo1VAB2R0QcWS8=\n-----END PRIVATE KEY-----\n\'\n    ]\n    \'__id\' => \'1\'\n    \'Success\' => \'登录成功\'\n]\n\n$_SERVER = [\n    \'PATH\' => \'C:\\\\Windows\\\\system32;C:\\\\Windows;C:\\\\Windows\\\\System32\\\\Wbem;C:\\\\Windows\\\\System32\\\\WindowsPowerShell\\\\v1.0\\\\;D:\\\\ProgramFiles\\\\mingw64\\\\bin;D:\\\\Program Files\\\\PTC\\\\Creo Elements\\\\Pro5.0\\\\bin;C:\\\\Program Files (x86)\\\\NVIDIA Corporation\\\\PhysX\\\\Common;D:\\\\Program Files\\\\Java\\\\jdk1.8.0_111\\\\bin;D:\\\\Program Files\\\\Java\\\\jre1.8.0_111\\\\bin;D:\\\\Go\\\\bin;D:\\\\phpStudy\\\\php\\\\php-7.0.12-nts;D:\\\\ProgramFiles\\\\redis;D:\\\\ProgramFiles\\\\sphinx-2.2.11-release-win64\\\\bin;D:\\\\Program Files\\\\graphviz-2.38\\\\release\\\\bin;D:\\\\Program Files\\\\Git\\\\cmd;\'\n    \'SYSTEMROOT\' => \'C:\\\\Windows\'\n    \'COMSPEC\' => \'C:\\\\Windows\\\\system32\\\\cmd.exe\'\n    \'PATHEXT\' => \'.COM;.EXE;.BAT;.CMD;.VBS;.VBE;.JS;.JSE;.WSF;.WSH;.MSC\'\n    \'WINDIR\' => \'C:\\\\Windows\'\n    \'PHP_FCGI_MAX_REQUESTS\' => \'1000\'\n    \'PHPRC\' => \'D:/phpStudy/php/php-7.0.12-nts/\'\n    \'_FCGI_SHUTDOWN_EVENT_\' => \'1984\'\n    \'SCRIPT_NAME\' => \'/index.php\'\n    \'REQUEST_URI\' => \'/article/single/index\'\n    \'QUERY_STRING\' => \'\'\n    \'REQUEST_METHOD\' => \'GET\'\n    \'SERVER_PROTOCOL\' => \'HTTP/1.1\'\n    \'GATEWAY_INTERFACE\' => \'CGI/1.1\'\n    \'REDIRECT_URL\' => \'/article/single/index\'\n    \'REMOTE_PORT\' => \'51995\'\n    \'SCRIPT_FILENAME\' => \'E:/www/Yii/chonglou/backend/web/index.php\'\n    \'SERVER_ADMIN\' => \'admin@phpStudy.net\'\n    \'CONTEXT_DOCUMENT_ROOT\' => \'E:/www/Yii/chonglou/backend/web\'\n    \'CONTEXT_PREFIX\' => \'\'\n    \'REQUEST_SCHEME\' => \'http\'\n    \'DOCUMENT_ROOT\' => \'E:/www/Yii/chonglou/backend/web\'\n    \'REMOTE_ADDR\' => \'127.0.0.1\'\n    \'SERVER_PORT\' => \'80\'\n    \'SERVER_ADDR\' => \'127.0.0.1\'\n    \'SERVER_NAME\' => \'admin.chongloua.com\'\n    \'SERVER_SOFTWARE\' => \'Apache/2.4.23 (Win32) OpenSSL/1.0.2j mod_fcgid/2.3.9\'\n    \'SERVER_SIGNATURE\' => \'\'\n    \'SystemRoot\' => \'C:\\\\Windows\'\n    \'HTTP_COOKIE\' => \'_csrf-backend=7f31ba2972ead57e1d5b0f41c5a25370a07be8025007949913d0302cceff6eeba%3A2%3A%7Bi%3A0%3Bs%3A13%3A%22_csrf-backend%22%3Bi%3A1%3Bs%3A32%3A%22_4aLWGkwGb_2Ge1REk_DXm7_I4bAxZ6c%22%3B%7D; advanced-backend=ns7nk26fa416h8pg0spq6k3545\'\n    \'HTTP_ACCEPT_LANGUAGE\' => \'zh-CN,zh;q=0.9\'\n    \'HTTP_ACCEPT_ENCODING\' => \'gzip, deflate\'\n    \'HTTP_REFERER\' => \'http://admin.chongloua.com/article/tag/index\'\n    \'HTTP_ACCEPT\' => \'text/html,application/xhtml+xml,application/xml;q=0.9,image/webp,image/apng,*/*;q=0.8\'\n    \'HTTP_USER_AGENT\' => \'Mozilla/5.0 (Windows NT 6.1; WOW64) AppleWebKit/537.36 (KHTML, like Gecko) Chrome/65.0.3325.181 Safari/537.36\'\n    \'HTTP_UPGRADE_INSECURE_REQUESTS\' => \'1\'\n    \'HTTP_CONNECTION\' => \'close\'\n    \'HTTP_HOST\' => \'admin.chongloua.com\'\n    \'REDIRECT_STATUS\' => \'200\'\n    \'FCGI_ROLE\' => \'RESPONDER\'\n    \'PHP_SELF\' => \'/index.php\'\n    \'REQUEST_TIME_FLOAT\' => 1523632398.3075\n    \'REQUEST_TIME\' => 1523632398\n]');
INSERT INTO `sadmin_log` VALUES ('3', '2', 'yii\\log\\Dispatcher::dispatch', '1523630000', '[127.0.0.1][1][ns7nk26fa416h8pg0spq6k3545]', 'Unable to send log via yii\\log\\DbTarget: Exception (Database Exception) \'yii\\db\\Exception\' with message \'SQLSTATE[42S02]: Base table or view not found: 1146 Table \'chonglou.chonglou_yii_log\' doesn\'t exist\nThe SQL being executed was: INSERT INTO `chonglou_yii_log` (`level`, `category`, `log_time`, `prefix`, `message`)\n                VALUES (1, \'yii\\\\web\\\\HttpException:404\', 1523632398.3905, \'[127.0.0.1][1][ns7nk26fa416h8pg0spq6k3545]\', \'yii\\\\base\\\\InvalidRouteException: Unable to resolve the request \\\"article/single/index\\\". in E:\\\\www\\\\Yii\\\\chonglou\\\\vendor\\\\yiisoft\\\\yii2\\\\base\\\\Module.php:532\\nStack trace:\\n#0 E:\\\\www\\\\Yii\\\\chonglou\\\\vendor\\\\yiisoft\\\\yii2\\\\web\\\\Application.php(102): yii\\\\base\\\\Module->runAction(\\\'article/single/...\\\', Array)\\n#1 E:\\\\www\\\\Yii\\\\chonglou\\\\vendor\\\\yiisoft\\\\yii2\\\\base\\\\Application.php(380): yii\\\\web\\\\Application->handleRequest(Object(yii\\\\web\\\\Request))\\n#2 E:\\\\www\\\\Yii\\\\chonglou\\\\backend\\\\web\\\\index.php(19): yii\\\\base\\\\Application->run()\\n#3 {main}\\n\\nNext yii\\\\web\\\\NotFoundHttpException: 页面未找到。 in E:\\\\www\\\\Yii\\\\chonglou\\\\vendor\\\\yiisoft\\\\yii2\\\\web\\\\Application.php:114\\nStack trace:\\n#0 E:\\\\www\\\\Yii\\\\chonglou\\\\vendor\\\\yiisoft\\\\yii2\\\\base\\\\Application.php(380): yii\\\\web\\\\Application->handleRequest(Object(yii\\\\web\\\\Request))\\n#1 E:\\\\www\\\\Yii\\\\chonglou\\\\backend\\\\web\\\\index.php(19): yii\\\\base\\\\Application->run()\\n#2 {main}\')\' \n\nin E:\\www\\Yii\\chonglou\\vendor\\yiisoft\\yii2\\db\\Schema.php:636\n\nStack trace:\n#0 E:\\www\\Yii\\chonglou\\vendor\\yiisoft\\yii2\\db\\Command.php(856): yii\\db\\Schema->convertException(Object(PDOException), \'INSERT INTO `ch...\')\n#1 E:\\www\\Yii\\chonglou\\vendor\\yiisoft\\yii2\\log\\DbTarget.php(83): yii\\db\\Command->execute()\n#2 E:\\www\\Yii\\chonglou\\vendor\\yiisoft\\yii2\\log\\Target.php(124): yii\\log\\DbTarget->export()\n#3 E:\\www\\Yii\\chonglou\\vendor\\yiisoft\\yii2\\log\\Dispatcher.php(188): yii\\log\\Target->collect(Array, true)\n#4 E:\\www\\Yii\\chonglou\\vendor\\yiisoft\\yii2\\log\\Logger.php(177): yii\\log\\Dispatcher->dispatch(Array, true)\n#5 E:\\www\\Yii\\chonglou\\vendor\\yiisoft\\yii2\\base\\ErrorHandler.php(113): yii\\log\\Logger->flush(true)\n#6 [internal function]: yii\\base\\ErrorHandler->handleException(Object(yii\\web\\NotFoundHttpException))\n#7 {main}');
INSERT INTO `sadmin_log` VALUES ('4', '4', 'application', '1523630000', '[127.0.0.1][1][ns7nk26fa416h8pg0spq6k3545]', '$_COOKIE = [\n    \'_csrf-backend\' => \'7f31ba2972ead57e1d5b0f41c5a25370a07be8025007949913d0302cceff6eeba:2:{i:0;s:13:\\\"_csrf-backend\\\";i:1;s:32:\\\"_4aLWGkwGb_2Ge1REk_DXm7_I4bAxZ6c\\\";}\'\n    \'advanced-backend\' => \'ns7nk26fa416h8pg0spq6k3545\'\n]\n\n$_SESSION = [\n    \'__flash\' => [\n        \'Success\' => -1\n    ]\n    \'__returnUrl\' => \'/home/default/index\'\n    \'rsaKey\' => [\n        \'public_key\' => \'MIIBIjANBgkqhkiG9w0BAQEFAAOCAQ8AMIIBCgKCAQEAumso8hErtsjIyYz3RKshsOCOngcKMGr8nA3BOoB2BUjeRqu8cJH4RLXNhRfAKawXhhcG/PrjVgoy3gFJ70unBtmO1ViBsPkAZjiLwb6pAV170R9npGYC6ebZjsD9LR/1PU1bmclo4ShapSzeQCsgAYZrUAUG+uyKlMC2Zpm68qewcGn2LZWpjcxHjRAjE73J6R69WvHjFZZ7Na/COO8FJ3XtGY4TxrrtHCW1tr3GVlnt9zEw6CQxouujRMJvB9Am44uA4xQmwVSIwuCyTd72/U6XBqusyW8n2iubJ8bPUyUr2L0L8T8HlKGqiYdpswNV5isDTQwHXxbpoDyWRL0ZUwIDAQAB\'\n        \'private_key\' => \'-----BEGIN PRIVATE KEY-----\nMIIEvQIBADANBgkqhkiG9w0BAQEFAASCBKcwggSjAgEAAoIBAQC6ayjyESu2yMjJ\njPdEqyGw4I6eBwowavycDcE6gHYFSN5Gq7xwkfhEtc2FF8AprBeGFwb8+uNWCjLe\nAUnvS6cG2Y7VWIGw+QBmOIvBvqkBXXvRH2ekZgLp5tmOwP0tH/U9TVuZyWjhKFql\nLN5AKyABhmtQBQb67IqUwLZmmbryp7BwafYtlamNzEeNECMTvcnpHr1a8eMVlns1\nr8I47wUnde0ZjhPGuu0cJbW2vcZWWe33MTDoJDGi66NEwm8H0Cbji4DjFCbBVIjC\n4LJN3vb9TpcGq6zJbyfaK5snxs9TJSvYvQvxPweUoaqJh2mzA1XmKwNNDAdfFumg\nPJZEvRlTAgMBAAECggEAF1A3eq5zDRTnJ22drtTIDdrHezPeLlfy54FA3RQbrmWC\nhswLcPiQV+d0oGRr/8op1vciRJkLvULhQapfmLGZXd3vYvcCoSNCzYXc1IoHkMgk\nJ+8JgyHO03mvU48HGpGYleYKwpzRpPbq/yUxVk0OX6Jz4Tn/uXnDiv7e0M4A9z+S\nnvkrwuJ1CxC0EILb5gQjl+H8bYjrx+NqujRxHKPlKClCv3Dmx+5bOtk5Helx/hYH\nN76+huFmaKQnygySWDs7ZvunFcE47/fj1t16sO2joWCSxiBR20Yd8QgouhpJETtm\nSzFJ0TKSicj7cQ/j8C7GzTQSncjjzRXx12aL5FZ04QKBgQDsGqfX1/jWoD3l5Pzk\nTjAM5xEMBXLJRCH5VVkHqqcmYdqgG1ChYjSA6FEpTmdvORkplV+VVnVLFePpDDMU\nYiBC5+KcbtSCpXYJ/XREeksJbroXj5LmiD6mP8H9hRtjZoWTrzF45trS8nt+gSo7\nCrnYd+VG+de3oI+p6QnbZ+Y4pwKBgQDKIKpra4hWEPv66zN3d3cy8yLsMfjAFjJV\nOPJMk18te1E++mC8NKNPTc2tix1+/ATBc/+jo608cfaY6xYmpcNEfeAs/+u5D7lk\n8pw7Zp7nty3LGAvoADjW1pFKmvRJdMrWjQJ8GV83XvJosG2EnPUwGBmDS3k6cWLs\n1sutZ3LDdQKBgQDp5U45Sb89/+jSApN1KO/5GD+PBSa9tD1j3+Ue7zQ/ldkbm3O5\nLKyOt5cPsJhPWuVOiKf0LX5tL/ZkPK2tl7gWD9oy1qi39GqHYwr3e58ybPr1tEn3\nDynhUHBBUsfbJQlXUMtV1n0ZVRZ6MENB0lJh3ATK11+YjftEe5REQx2TKQKBgF8B\nQ5kCDi8GBKpH6wT4LhrQlVWXl2gSBs5v2dOMYWwrTmDfpqBPzYL0+vvbK54ILuQO\n9dWglUiX+GSf+uVnfISw9bGxCMcPUQDV2AFDluUrAGc5gj8l+5FfgSMj+jacosp9\ntPFHq62G/0Gdy5xNeiGE8lj4HJ8PtIPF4i47NYIRAoGAHjgv90OjUFwYcWjzYb/+\n4nhuqbd9865008i56GpMI8uCJR/Z+UDKak4vF+v+nTJJ1Zzz9B174LoUipFSKK4g\npmynzit9umfl3YiY6NV9et9kOvLYZZLQiuTHdTQDLy/arWYWheW1tjohVe4hX++s\nx+FcO/SW2Wo1VAB2R0QcWS8=\n-----END PRIVATE KEY-----\n\'\n    ]\n    \'__id\' => \'1\'\n    \'Success\' => \'登录成功\'\n]\n\n$_SERVER = [\n    \'PATH\' => \'C:\\\\Windows\\\\system32;C:\\\\Windows;C:\\\\Windows\\\\System32\\\\Wbem;C:\\\\Windows\\\\System32\\\\WindowsPowerShell\\\\v1.0\\\\;D:\\\\ProgramFiles\\\\mingw64\\\\bin;D:\\\\Program Files\\\\PTC\\\\Creo Elements\\\\Pro5.0\\\\bin;C:\\\\Program Files (x86)\\\\NVIDIA Corporation\\\\PhysX\\\\Common;D:\\\\Program Files\\\\Java\\\\jdk1.8.0_111\\\\bin;D:\\\\Program Files\\\\Java\\\\jre1.8.0_111\\\\bin;D:\\\\Go\\\\bin;D:\\\\phpStudy\\\\php\\\\php-7.0.12-nts;D:\\\\ProgramFiles\\\\redis;D:\\\\ProgramFiles\\\\sphinx-2.2.11-release-win64\\\\bin;D:\\\\Program Files\\\\graphviz-2.38\\\\release\\\\bin;D:\\\\Program Files\\\\Git\\\\cmd;\'\n    \'SYSTEMROOT\' => \'C:\\\\Windows\'\n    \'COMSPEC\' => \'C:\\\\Windows\\\\system32\\\\cmd.exe\'\n    \'PATHEXT\' => \'.COM;.EXE;.BAT;.CMD;.VBS;.VBE;.JS;.JSE;.WSF;.WSH;.MSC\'\n    \'WINDIR\' => \'C:\\\\Windows\'\n    \'PHP_FCGI_MAX_REQUESTS\' => \'1000\'\n    \'PHPRC\' => \'D:/phpStudy/php/php-7.0.12-nts/\'\n    \'_FCGI_SHUTDOWN_EVENT_\' => \'1984\'\n    \'SCRIPT_NAME\' => \'/index.php\'\n    \'REQUEST_URI\' => \'/article/single/index\'\n    \'QUERY_STRING\' => \'\'\n    \'REQUEST_METHOD\' => \'GET\'\n    \'SERVER_PROTOCOL\' => \'HTTP/1.1\'\n    \'GATEWAY_INTERFACE\' => \'CGI/1.1\'\n    \'REDIRECT_URL\' => \'/article/single/index\'\n    \'REMOTE_PORT\' => \'51995\'\n    \'SCRIPT_FILENAME\' => \'E:/www/Yii/chonglou/backend/web/index.php\'\n    \'SERVER_ADMIN\' => \'admin@phpStudy.net\'\n    \'CONTEXT_DOCUMENT_ROOT\' => \'E:/www/Yii/chonglou/backend/web\'\n    \'CONTEXT_PREFIX\' => \'\'\n    \'REQUEST_SCHEME\' => \'http\'\n    \'DOCUMENT_ROOT\' => \'E:/www/Yii/chonglou/backend/web\'\n    \'REMOTE_ADDR\' => \'127.0.0.1\'\n    \'SERVER_PORT\' => \'80\'\n    \'SERVER_ADDR\' => \'127.0.0.1\'\n    \'SERVER_NAME\' => \'admin.chongloua.com\'\n    \'SERVER_SOFTWARE\' => \'Apache/2.4.23 (Win32) OpenSSL/1.0.2j mod_fcgid/2.3.9\'\n    \'SERVER_SIGNATURE\' => \'\'\n    \'SystemRoot\' => \'C:\\\\Windows\'\n    \'HTTP_COOKIE\' => \'_csrf-backend=7f31ba2972ead57e1d5b0f41c5a25370a07be8025007949913d0302cceff6eeba%3A2%3A%7Bi%3A0%3Bs%3A13%3A%22_csrf-backend%22%3Bi%3A1%3Bs%3A32%3A%22_4aLWGkwGb_2Ge1REk_DXm7_I4bAxZ6c%22%3B%7D; advanced-backend=ns7nk26fa416h8pg0spq6k3545\'\n    \'HTTP_ACCEPT_LANGUAGE\' => \'zh-CN,zh;q=0.9\'\n    \'HTTP_ACCEPT_ENCODING\' => \'gzip, deflate\'\n    \'HTTP_REFERER\' => \'http://admin.chongloua.com/article/tag/index\'\n    \'HTTP_ACCEPT\' => \'text/html,application/xhtml+xml,application/xml;q=0.9,image/webp,image/apng,*/*;q=0.8\'\n    \'HTTP_USER_AGENT\' => \'Mozilla/5.0 (Windows NT 6.1; WOW64) AppleWebKit/537.36 (KHTML, like Gecko) Chrome/65.0.3325.181 Safari/537.36\'\n    \'HTTP_UPGRADE_INSECURE_REQUESTS\' => \'1\'\n    \'HTTP_CONNECTION\' => \'close\'\n    \'HTTP_HOST\' => \'admin.chongloua.com\'\n    \'REDIRECT_STATUS\' => \'200\'\n    \'FCGI_ROLE\' => \'RESPONDER\'\n    \'PHP_SELF\' => \'/index.php\'\n    \'REQUEST_TIME_FLOAT\' => 1523632398.3075\n    \'REQUEST_TIME\' => 1523632398\n]');
INSERT INTO `sadmin_log` VALUES ('5', '1', 'yii\\web\\HttpException:404', '1523630000', '[127.0.0.1][1][22o8qu5p3v8fa6tm1pfb1io064]', 'yii\\web\\NotFoundHttpException: 页面未找到。 in E:\\www\\Yii\\chonglou\\vendor\\yiisoft\\yii2\\web\\Application.php:114\nStack trace:\n#0 E:\\www\\Yii\\chonglou\\vendor\\yiisoft\\yii2\\base\\Application.php(380): yii\\web\\Application->handleRequest(Object(yii\\web\\Request))\n#1 E:\\www\\Yii\\chonglou\\backend\\web\\index.php(19): yii\\base\\Application->run()\n#2 {main}');
INSERT INTO `sadmin_log` VALUES ('6', '4', 'application', '1523630000', '[127.0.0.1][1][22o8qu5p3v8fa6tm1pfb1io064]', '$_GET = [\n    \'v\' => \'3.1.1\'\n]\n\n$_COOKIE = [\n    \'_csrf-backend\' => \'7f31ba2972ead57e1d5b0f41c5a25370a07be8025007949913d0302cceff6eeba:2:{i:0;s:13:\\\"_csrf-backend\\\";i:1;s:32:\\\"_4aLWGkwGb_2Ge1REk_DXm7_I4bAxZ6c\\\";}\'\n    \'advanced-backend\' => \'22o8qu5p3v8fa6tm1pfb1io064\'\n]\n\n$_SESSION = [\n    \'__flash\' => [\n        \'Success\' => -1\n    ]\n    \'__returnUrl\' => \'/\'\n    \'rsaKey\' => [\n        \'public_key\' => \'MIIBIjANBgkqhkiG9w0BAQEFAAOCAQ8AMIIBCgKCAQEAu2X5PFCiq86sZLJ4dArFWc/Qb9wuvnrf42jNtOGVgN2Q5M5UShMgulO6LfAsSO+kh5SrFagpwWUBhAYRLQy1zRCs26UjMYeWlZAr/WajTFj0pZkylJO5NbqQqARXHU+WFdwHTsrwRT9wvuMW8RTqW+E3B98Kmbu0OFYA3mPO9VnlMQOpgmT5papDupkIHpcfkvZdcMMAiGo7c2B6RO7TF9qHAXN7qBm2VkgSAnzv46s0/o8V4NVGtgxd3EvC7OYuZeUHScsNH3wI9i80gYwSHSd/uYemVPfZxsLEuDrZKTIAryMobGTLX1re3IULvWRNS4dGjuLSn+xneHPTYUfNkQIDAQAB\'\n        \'private_key\' => \'-----BEGIN PRIVATE KEY-----\nMIIEwAIBADANBgkqhkiG9w0BAQEFAASCBKowggSmAgEAAoIBAQC7Zfk8UKKrzqxk\nsnh0CsVZz9Bv3C6+et/jaM204ZWA3ZDkzlRKEyC6U7ot8CxI76SHlKsVqCnBZQGE\nBhEtDLXNEKzbpSMxh5aVkCv9ZqNMWPSlmTKUk7k1upCoBFcdT5YV3AdOyvBFP3C+\n4xbxFOpb4TcH3wqZu7Q4VgDeY871WeUxA6mCZPmlqkO6mQgelx+S9l1wwwCIajtz\nYHpE7tMX2ocBc3uoGbZWSBICfO/jqzT+jxXg1Ua2DF3cS8Ls5i5l5QdJyw0ffAj2\nLzSBjBIdJ3+5h6ZU99nGwsS4OtkpMgCvIyhsZMtfWt7chQu9ZE1Lh0aO4tKf7Gd4\nc9NhR82RAgMBAAECggEBAKrhIZPOM4dWvfxUgWHPMIXk6bwWmsk2YlGLj4gQ67LG\nVwlM269wIbfGAU9CYh9f5jd7aUYmQW0IHYm1vpPFs0F6oyTmQGE5siZPgM1geid0\nNiGKwISa75f+t0l+K7GekMz+BevjQZTjdHubt5+94rZFd1jGGXR1pLB6O/COMnmm\nHfQ8EQBKRZ0lqYKe9waNC+oGs9azxr6AnhwtZIsTixkNOGYC78TyehEF1DuCPSQa\nWp2N1Matn2lrNsA7nr+BN1zGz8nxvKAYw+opNWANawhUy04+w37pqS1FpWtNrA2z\nTFxfb6IhDy12RblXu1y3Mc8CCYkvgx+t/VyFKj+XsQECgYEA8U54P+6lnKJ2pQyA\niY/htynGuzFr0r17uL/l4xV86rY1i5QBJYtMEmDuo4I72LBTl9VQPTk8vEeCg0Cd\nMYkvMtUJBSFLHFyUcfJP2cl0KKH7fhYE5VImoz+vpNHEHakrYg2SvrARAi+3k1LC\nz1RlMRg1ohr0MGmH+fFnO6rl6yUCgYEAxs8sUufeC1k9mSlLuLmZBXnmGT7UAK7d\n8CytpoCQCgyvzi0+bRvD+v2BkvV/+VuuQUhTrDiMqDeF8kYzip/2WoDlr/l5ZqTK\nyRsewbJBZnmYoMcKUfwcx2SsGKF/nHiOxGYFJ7lgh2SqRchHZAH3/PzhiqIokQMe\nddgw0lztov0CgYEAvwDQ2DIrbt9+MEjEGZ8FGDl+L7//y/DmVKe47NWeah7OJWyC\nt9gZ39ZQLqawfmWb1Wwotj1vIM0ttnzXsFUZQhA0spXW4V06tzMJF6eJRXxqGDSP\nrYEoSkHn4vuTU7MLPvLlfADbhbKFiZyRzRDNhF3YXjcdoJB37FSz1RwCH+0CgYEA\nsiEuNZpK+SAccP7vObQRxzZRVI1WpsYHVQqzDFxkspxraPBg3qHiFyDM2D/fSi07\nFIMZdVW1sYMOIOWFiM+Ki8yx/9onTDCbAVWrWSG+N3L7rhKozIx3vLAXAnqxPCFI\nyfAe7ljKhIVNivjH/nNFHwf1jaF9d3Cz+iKam+FnioECgYEA5DzeYMuI8SbaMztR\nSYuS61sxKt10u9OdWzYxOhmL6eZrhRNwzAlxb64BUmXwOk8tlSA10EWnGTODwv2A\nZlQ8lmnS4y+YjjDJEQN/k2KSmrINVioSe8nJdoaOtusBPpAMLLhs6sRR37JVfFEa\nkDwgispoKmT8zJAWB6SDBEXwR7c=\n-----END PRIVATE KEY-----\n\'\n    ]\n    \'__id\' => \'1\'\n    \'Success\' => \'登录成功\'\n]\n\n$_SERVER = [\n    \'PATH\' => \'C:\\\\Windows\\\\system32;C:\\\\Windows;C:\\\\Windows\\\\System32\\\\Wbem;C:\\\\Windows\\\\System32\\\\WindowsPowerShell\\\\v1.0\\\\;D:\\\\ProgramFiles\\\\mingw64\\\\bin;D:\\\\Program Files\\\\PTC\\\\Creo Elements\\\\Pro5.0\\\\bin;C:\\\\Program Files (x86)\\\\NVIDIA Corporation\\\\PhysX\\\\Common;D:\\\\Program Files\\\\Java\\\\jdk1.8.0_111\\\\bin;D:\\\\Program Files\\\\Java\\\\jre1.8.0_111\\\\bin;D:\\\\Go\\\\bin;D:\\\\phpStudy\\\\php\\\\php-7.0.12-nts;D:\\\\ProgramFiles\\\\redis;D:\\\\ProgramFiles\\\\sphinx-2.2.11-release-win64\\\\bin;D:\\\\Program Files\\\\graphviz-2.38\\\\release\\\\bin;D:\\\\Program Files\\\\Git\\\\cmd;\'\n    \'SYSTEMROOT\' => \'C:\\\\Windows\'\n    \'COMSPEC\' => \'C:\\\\Windows\\\\system32\\\\cmd.exe\'\n    \'PATHEXT\' => \'.COM;.EXE;.BAT;.CMD;.VBS;.VBE;.JS;.JSE;.WSF;.WSH;.MSC\'\n    \'WINDIR\' => \'C:\\\\Windows\'\n    \'PHP_FCGI_MAX_REQUESTS\' => \'1000\'\n    \'PHPRC\' => \'D:/phpStudy/php/php-7.0.12-nts/\'\n    \'_FCGI_SHUTDOWN_EVENT_\' => \'2032\'\n    \'SCRIPT_NAME\' => \'/index.php\'\n    \'REQUEST_URI\' => \'/admin/undefinedcss/modules/layer/default/layer.css?v=3.1.1\'\n    \'QUERY_STRING\' => \'v=3.1.1\'\n    \'REQUEST_METHOD\' => \'GET\'\n    \'SERVER_PROTOCOL\' => \'HTTP/1.1\'\n    \'GATEWAY_INTERFACE\' => \'CGI/1.1\'\n    \'REDIRECT_QUERY_STRING\' => \'v=3.1.1\'\n    \'REDIRECT_URL\' => \'/admin/undefinedcss/modules/layer/default/layer.css\'\n    \'REMOTE_PORT\' => \'54841\'\n    \'SCRIPT_FILENAME\' => \'E:/www/Yii/chonglou/backend/web/index.php\'\n    \'SERVER_ADMIN\' => \'admin@phpStudy.net\'\n    \'CONTEXT_DOCUMENT_ROOT\' => \'E:/www/Yii/chonglou/backend/web\'\n    \'CONTEXT_PREFIX\' => \'\'\n    \'REQUEST_SCHEME\' => \'http\'\n    \'DOCUMENT_ROOT\' => \'E:/www/Yii/chonglou/backend/web\'\n    \'REMOTE_ADDR\' => \'127.0.0.1\'\n    \'SERVER_PORT\' => \'80\'\n    \'SERVER_ADDR\' => \'127.0.0.1\'\n    \'SERVER_NAME\' => \'admin.chongloua.com\'\n    \'SERVER_SOFTWARE\' => \'Apache/2.4.23 (Win32) OpenSSL/1.0.2j mod_fcgid/2.3.9\'\n    \'SERVER_SIGNATURE\' => \'\'\n    \'SystemRoot\' => \'C:\\\\Windows\'\n    \'HTTP_COOKIE\' => \'_csrf-backend=7f31ba2972ead57e1d5b0f41c5a25370a07be8025007949913d0302cceff6eeba%3A2%3A%7Bi%3A0%3Bs%3A13%3A%22_csrf-backend%22%3Bi%3A1%3Bs%3A32%3A%22_4aLWGkwGb_2Ge1REk_DXm7_I4bAxZ6c%22%3B%7D; advanced-backend=22o8qu5p3v8fa6tm1pfb1io064\'\n    \'HTTP_ACCEPT_LANGUAGE\' => \'zh-CN,zh;q=0.9\'\n    \'HTTP_ACCEPT_ENCODING\' => \'gzip, deflate\'\n    \'HTTP_REFERER\' => \'http://admin.chongloua.com/admin/default\'\n    \'HTTP_ACCEPT\' => \'text/css,*/*;q=0.1\'\n    \'HTTP_USER_AGENT\' => \'Mozilla/5.0 (Windows NT 6.1; WOW64) AppleWebKit/537.36 (KHTML, like Gecko) Chrome/65.0.3325.181 Safari/537.36\'\n    \'HTTP_CONNECTION\' => \'close\'\n    \'HTTP_HOST\' => \'admin.chongloua.com\'\n    \'REDIRECT_STATUS\' => \'200\'\n    \'FCGI_ROLE\' => \'RESPONDER\'\n    \'PHP_SELF\' => \'/index.php\'\n    \'REQUEST_TIME_FLOAT\' => 1523632726.9013\n    \'REQUEST_TIME\' => 1523632726\n]');
INSERT INTO `sadmin_log` VALUES ('7', '2', 'yii\\log\\Dispatcher::dispatch', '1523630000', '[127.0.0.1][1][22o8qu5p3v8fa6tm1pfb1io064]', 'Unable to send log via yii\\log\\DbTarget: Exception (Database Exception) \'yii\\db\\Exception\' with message \'SQLSTATE[42S02]: Base table or view not found: 1146 Table \'chonglou.chonglou_yii_log\' doesn\'t exist\nThe SQL being executed was: INSERT INTO `chonglou_yii_log` (`level`, `category`, `log_time`, `prefix`, `message`)\n                VALUES (1, \'yii\\\\web\\\\HttpException:404\', 1523632727.0653, \'[127.0.0.1][1][22o8qu5p3v8fa6tm1pfb1io064]\', \'yii\\\\base\\\\InvalidRouteException: Unable to resolve the request \\\"admin/undefinedcss/modules/layer/default/layer.css\\\". in E:\\\\www\\\\Yii\\\\chonglou\\\\vendor\\\\yiisoft\\\\yii2\\\\base\\\\Module.php:532\\nStack trace:\\n#0 E:\\\\www\\\\Yii\\\\chonglou\\\\vendor\\\\yiisoft\\\\yii2\\\\web\\\\Application.php(102): yii\\\\base\\\\Module->runAction(\\\'admin/undefined...\\\', Array)\\n#1 E:\\\\www\\\\Yii\\\\chonglou\\\\vendor\\\\yiisoft\\\\yii2\\\\base\\\\Application.php(380): yii\\\\web\\\\Application->handleRequest(Object(yii\\\\web\\\\Request))\\n#2 E:\\\\www\\\\Yii\\\\chonglou\\\\backend\\\\web\\\\index.php(19): yii\\\\base\\\\Application->run()\\n#3 {main}\\n\\nNext yii\\\\web\\\\NotFoundHttpException: 页面未找到。 in E:\\\\www\\\\Yii\\\\chonglou\\\\vendor\\\\yiisoft\\\\yii2\\\\web\\\\Application.php:114\\nStack trace:\\n#0 E:\\\\www\\\\Yii\\\\chonglou\\\\vendor\\\\yiisoft\\\\yii2\\\\base\\\\Application.php(380): yii\\\\web\\\\Application->handleRequest(Object(yii\\\\web\\\\Request))\\n#1 E:\\\\www\\\\Yii\\\\chonglou\\\\backend\\\\web\\\\index.php(19): yii\\\\base\\\\Application->run()\\n#2 {main}\')\' \n\nin E:\\www\\Yii\\chonglou\\vendor\\yiisoft\\yii2\\db\\Schema.php:636\n\nStack trace:\n#0 E:\\www\\Yii\\chonglou\\vendor\\yiisoft\\yii2\\db\\Command.php(856): yii\\db\\Schema->convertException(Object(PDOException), \'INSERT INTO `ch...\')\n#1 E:\\www\\Yii\\chonglou\\vendor\\yiisoft\\yii2\\log\\DbTarget.php(83): yii\\db\\Command->execute()\n#2 E:\\www\\Yii\\chonglou\\vendor\\yiisoft\\yii2\\log\\Target.php(124): yii\\log\\DbTarget->export()\n#3 E:\\www\\Yii\\chonglou\\vendor\\yiisoft\\yii2\\log\\Dispatcher.php(188): yii\\log\\Target->collect(Array, true)\n#4 E:\\www\\Yii\\chonglou\\vendor\\yiisoft\\yii2\\log\\Logger.php(177): yii\\log\\Dispatcher->dispatch(Array, true)\n#5 E:\\www\\Yii\\chonglou\\vendor\\yiisoft\\yii2\\base\\ErrorHandler.php(113): yii\\log\\Logger->flush(true)\n#6 [internal function]: yii\\base\\ErrorHandler->handleException(Object(yii\\web\\NotFoundHttpException))\n#7 {main}');
INSERT INTO `sadmin_log` VALUES ('8', '4', 'application', '1523630000', '[127.0.0.1][1][22o8qu5p3v8fa6tm1pfb1io064]', '$_GET = [\n    \'v\' => \'3.1.1\'\n]\n\n$_COOKIE = [\n    \'_csrf-backend\' => \'7f31ba2972ead57e1d5b0f41c5a25370a07be8025007949913d0302cceff6eeba:2:{i:0;s:13:\\\"_csrf-backend\\\";i:1;s:32:\\\"_4aLWGkwGb_2Ge1REk_DXm7_I4bAxZ6c\\\";}\'\n    \'advanced-backend\' => \'22o8qu5p3v8fa6tm1pfb1io064\'\n]\n\n$_SESSION = [\n    \'__flash\' => [\n        \'Success\' => -1\n    ]\n    \'__returnUrl\' => \'/\'\n    \'rsaKey\' => [\n        \'public_key\' => \'MIIBIjANBgkqhkiG9w0BAQEFAAOCAQ8AMIIBCgKCAQEAu2X5PFCiq86sZLJ4dArFWc/Qb9wuvnrf42jNtOGVgN2Q5M5UShMgulO6LfAsSO+kh5SrFagpwWUBhAYRLQy1zRCs26UjMYeWlZAr/WajTFj0pZkylJO5NbqQqARXHU+WFdwHTsrwRT9wvuMW8RTqW+E3B98Kmbu0OFYA3mPO9VnlMQOpgmT5papDupkIHpcfkvZdcMMAiGo7c2B6RO7TF9qHAXN7qBm2VkgSAnzv46s0/o8V4NVGtgxd3EvC7OYuZeUHScsNH3wI9i80gYwSHSd/uYemVPfZxsLEuDrZKTIAryMobGTLX1re3IULvWRNS4dGjuLSn+xneHPTYUfNkQIDAQAB\'\n        \'private_key\' => \'-----BEGIN PRIVATE KEY-----\nMIIEwAIBADANBgkqhkiG9w0BAQEFAASCBKowggSmAgEAAoIBAQC7Zfk8UKKrzqxk\nsnh0CsVZz9Bv3C6+et/jaM204ZWA3ZDkzlRKEyC6U7ot8CxI76SHlKsVqCnBZQGE\nBhEtDLXNEKzbpSMxh5aVkCv9ZqNMWPSlmTKUk7k1upCoBFcdT5YV3AdOyvBFP3C+\n4xbxFOpb4TcH3wqZu7Q4VgDeY871WeUxA6mCZPmlqkO6mQgelx+S9l1wwwCIajtz\nYHpE7tMX2ocBc3uoGbZWSBICfO/jqzT+jxXg1Ua2DF3cS8Ls5i5l5QdJyw0ffAj2\nLzSBjBIdJ3+5h6ZU99nGwsS4OtkpMgCvIyhsZMtfWt7chQu9ZE1Lh0aO4tKf7Gd4\nc9NhR82RAgMBAAECggEBAKrhIZPOM4dWvfxUgWHPMIXk6bwWmsk2YlGLj4gQ67LG\nVwlM269wIbfGAU9CYh9f5jd7aUYmQW0IHYm1vpPFs0F6oyTmQGE5siZPgM1geid0\nNiGKwISa75f+t0l+K7GekMz+BevjQZTjdHubt5+94rZFd1jGGXR1pLB6O/COMnmm\nHfQ8EQBKRZ0lqYKe9waNC+oGs9azxr6AnhwtZIsTixkNOGYC78TyehEF1DuCPSQa\nWp2N1Matn2lrNsA7nr+BN1zGz8nxvKAYw+opNWANawhUy04+w37pqS1FpWtNrA2z\nTFxfb6IhDy12RblXu1y3Mc8CCYkvgx+t/VyFKj+XsQECgYEA8U54P+6lnKJ2pQyA\niY/htynGuzFr0r17uL/l4xV86rY1i5QBJYtMEmDuo4I72LBTl9VQPTk8vEeCg0Cd\nMYkvMtUJBSFLHFyUcfJP2cl0KKH7fhYE5VImoz+vpNHEHakrYg2SvrARAi+3k1LC\nz1RlMRg1ohr0MGmH+fFnO6rl6yUCgYEAxs8sUufeC1k9mSlLuLmZBXnmGT7UAK7d\n8CytpoCQCgyvzi0+bRvD+v2BkvV/+VuuQUhTrDiMqDeF8kYzip/2WoDlr/l5ZqTK\nyRsewbJBZnmYoMcKUfwcx2SsGKF/nHiOxGYFJ7lgh2SqRchHZAH3/PzhiqIokQMe\nddgw0lztov0CgYEAvwDQ2DIrbt9+MEjEGZ8FGDl+L7//y/DmVKe47NWeah7OJWyC\nt9gZ39ZQLqawfmWb1Wwotj1vIM0ttnzXsFUZQhA0spXW4V06tzMJF6eJRXxqGDSP\nrYEoSkHn4vuTU7MLPvLlfADbhbKFiZyRzRDNhF3YXjcdoJB37FSz1RwCH+0CgYEA\nsiEuNZpK+SAccP7vObQRxzZRVI1WpsYHVQqzDFxkspxraPBg3qHiFyDM2D/fSi07\nFIMZdVW1sYMOIOWFiM+Ki8yx/9onTDCbAVWrWSG+N3L7rhKozIx3vLAXAnqxPCFI\nyfAe7ljKhIVNivjH/nNFHwf1jaF9d3Cz+iKam+FnioECgYEA5DzeYMuI8SbaMztR\nSYuS61sxKt10u9OdWzYxOhmL6eZrhRNwzAlxb64BUmXwOk8tlSA10EWnGTODwv2A\nZlQ8lmnS4y+YjjDJEQN/k2KSmrINVioSe8nJdoaOtusBPpAMLLhs6sRR37JVfFEa\nkDwgispoKmT8zJAWB6SDBEXwR7c=\n-----END PRIVATE KEY-----\n\'\n    ]\n    \'__id\' => \'1\'\n    \'Success\' => \'登录成功\'\n]\n\n$_SERVER = [\n    \'PATH\' => \'C:\\\\Windows\\\\system32;C:\\\\Windows;C:\\\\Windows\\\\System32\\\\Wbem;C:\\\\Windows\\\\System32\\\\WindowsPowerShell\\\\v1.0\\\\;D:\\\\ProgramFiles\\\\mingw64\\\\bin;D:\\\\Program Files\\\\PTC\\\\Creo Elements\\\\Pro5.0\\\\bin;C:\\\\Program Files (x86)\\\\NVIDIA Corporation\\\\PhysX\\\\Common;D:\\\\Program Files\\\\Java\\\\jdk1.8.0_111\\\\bin;D:\\\\Program Files\\\\Java\\\\jre1.8.0_111\\\\bin;D:\\\\Go\\\\bin;D:\\\\phpStudy\\\\php\\\\php-7.0.12-nts;D:\\\\ProgramFiles\\\\redis;D:\\\\ProgramFiles\\\\sphinx-2.2.11-release-win64\\\\bin;D:\\\\Program Files\\\\graphviz-2.38\\\\release\\\\bin;D:\\\\Program Files\\\\Git\\\\cmd;\'\n    \'SYSTEMROOT\' => \'C:\\\\Windows\'\n    \'COMSPEC\' => \'C:\\\\Windows\\\\system32\\\\cmd.exe\'\n    \'PATHEXT\' => \'.COM;.EXE;.BAT;.CMD;.VBS;.VBE;.JS;.JSE;.WSF;.WSH;.MSC\'\n    \'WINDIR\' => \'C:\\\\Windows\'\n    \'PHP_FCGI_MAX_REQUESTS\' => \'1000\'\n    \'PHPRC\' => \'D:/phpStudy/php/php-7.0.12-nts/\'\n    \'_FCGI_SHUTDOWN_EVENT_\' => \'2032\'\n    \'SCRIPT_NAME\' => \'/index.php\'\n    \'REQUEST_URI\' => \'/admin/undefinedcss/modules/layer/default/layer.css?v=3.1.1\'\n    \'QUERY_STRING\' => \'v=3.1.1\'\n    \'REQUEST_METHOD\' => \'GET\'\n    \'SERVER_PROTOCOL\' => \'HTTP/1.1\'\n    \'GATEWAY_INTERFACE\' => \'CGI/1.1\'\n    \'REDIRECT_QUERY_STRING\' => \'v=3.1.1\'\n    \'REDIRECT_URL\' => \'/admin/undefinedcss/modules/layer/default/layer.css\'\n    \'REMOTE_PORT\' => \'54841\'\n    \'SCRIPT_FILENAME\' => \'E:/www/Yii/chonglou/backend/web/index.php\'\n    \'SERVER_ADMIN\' => \'admin@phpStudy.net\'\n    \'CONTEXT_DOCUMENT_ROOT\' => \'E:/www/Yii/chonglou/backend/web\'\n    \'CONTEXT_PREFIX\' => \'\'\n    \'REQUEST_SCHEME\' => \'http\'\n    \'DOCUMENT_ROOT\' => \'E:/www/Yii/chonglou/backend/web\'\n    \'REMOTE_ADDR\' => \'127.0.0.1\'\n    \'SERVER_PORT\' => \'80\'\n    \'SERVER_ADDR\' => \'127.0.0.1\'\n    \'SERVER_NAME\' => \'admin.chongloua.com\'\n    \'SERVER_SOFTWARE\' => \'Apache/2.4.23 (Win32) OpenSSL/1.0.2j mod_fcgid/2.3.9\'\n    \'SERVER_SIGNATURE\' => \'\'\n    \'SystemRoot\' => \'C:\\\\Windows\'\n    \'HTTP_COOKIE\' => \'_csrf-backend=7f31ba2972ead57e1d5b0f41c5a25370a07be8025007949913d0302cceff6eeba%3A2%3A%7Bi%3A0%3Bs%3A13%3A%22_csrf-backend%22%3Bi%3A1%3Bs%3A32%3A%22_4aLWGkwGb_2Ge1REk_DXm7_I4bAxZ6c%22%3B%7D; advanced-backend=22o8qu5p3v8fa6tm1pfb1io064\'\n    \'HTTP_ACCEPT_LANGUAGE\' => \'zh-CN,zh;q=0.9\'\n    \'HTTP_ACCEPT_ENCODING\' => \'gzip, deflate\'\n    \'HTTP_REFERER\' => \'http://admin.chongloua.com/admin/default\'\n    \'HTTP_ACCEPT\' => \'text/css,*/*;q=0.1\'\n    \'HTTP_USER_AGENT\' => \'Mozilla/5.0 (Windows NT 6.1; WOW64) AppleWebKit/537.36 (KHTML, like Gecko) Chrome/65.0.3325.181 Safari/537.36\'\n    \'HTTP_CONNECTION\' => \'close\'\n    \'HTTP_HOST\' => \'admin.chongloua.com\'\n    \'REDIRECT_STATUS\' => \'200\'\n    \'FCGI_ROLE\' => \'RESPONDER\'\n    \'PHP_SELF\' => \'/index.php\'\n    \'REQUEST_TIME_FLOAT\' => 1523632726.9013\n    \'REQUEST_TIME\' => 1523632726\n]');
INSERT INTO `sadmin_log` VALUES ('9', '1', 'yii\\web\\HttpException:404', '1523630000', '[127.0.0.1][1][22o8qu5p3v8fa6tm1pfb1io064]', 'yii\\web\\NotFoundHttpException: 页面未找到。 in E:\\www\\Yii\\chonglou\\vendor\\yiisoft\\yii2\\web\\Application.php:114\nStack trace:\n#0 E:\\www\\Yii\\chonglou\\vendor\\yiisoft\\yii2\\base\\Application.php(380): yii\\web\\Application->handleRequest(Object(yii\\web\\Request))\n#1 E:\\www\\Yii\\chonglou\\backend\\web\\index.php(19): yii\\base\\Application->run()\n#2 {main}');
INSERT INTO `sadmin_log` VALUES ('10', '4', 'application', '1523630000', '[127.0.0.1][1][22o8qu5p3v8fa6tm1pfb1io064]', '$_COOKIE = [\n    \'_csrf-backend\' => \'7f31ba2972ead57e1d5b0f41c5a25370a07be8025007949913d0302cceff6eeba:2:{i:0;s:13:\\\"_csrf-backend\\\";i:1;s:32:\\\"_4aLWGkwGb_2Ge1REk_DXm7_I4bAxZ6c\\\";}\'\n    \'advanced-backend\' => \'22o8qu5p3v8fa6tm1pfb1io064\'\n]\n\n$_SESSION = [\n    \'__flash\' => [\n        \'Success\' => -1\n    ]\n    \'__returnUrl\' => \'/\'\n    \'rsaKey\' => [\n        \'public_key\' => \'MIIBIjANBgkqhkiG9w0BAQEFAAOCAQ8AMIIBCgKCAQEAu2X5PFCiq86sZLJ4dArFWc/Qb9wuvnrf42jNtOGVgN2Q5M5UShMgulO6LfAsSO+kh5SrFagpwWUBhAYRLQy1zRCs26UjMYeWlZAr/WajTFj0pZkylJO5NbqQqARXHU+WFdwHTsrwRT9wvuMW8RTqW+E3B98Kmbu0OFYA3mPO9VnlMQOpgmT5papDupkIHpcfkvZdcMMAiGo7c2B6RO7TF9qHAXN7qBm2VkgSAnzv46s0/o8V4NVGtgxd3EvC7OYuZeUHScsNH3wI9i80gYwSHSd/uYemVPfZxsLEuDrZKTIAryMobGTLX1re3IULvWRNS4dGjuLSn+xneHPTYUfNkQIDAQAB\'\n        \'private_key\' => \'-----BEGIN PRIVATE KEY-----\nMIIEwAIBADANBgkqhkiG9w0BAQEFAASCBKowggSmAgEAAoIBAQC7Zfk8UKKrzqxk\nsnh0CsVZz9Bv3C6+et/jaM204ZWA3ZDkzlRKEyC6U7ot8CxI76SHlKsVqCnBZQGE\nBhEtDLXNEKzbpSMxh5aVkCv9ZqNMWPSlmTKUk7k1upCoBFcdT5YV3AdOyvBFP3C+\n4xbxFOpb4TcH3wqZu7Q4VgDeY871WeUxA6mCZPmlqkO6mQgelx+S9l1wwwCIajtz\nYHpE7tMX2ocBc3uoGbZWSBICfO/jqzT+jxXg1Ua2DF3cS8Ls5i5l5QdJyw0ffAj2\nLzSBjBIdJ3+5h6ZU99nGwsS4OtkpMgCvIyhsZMtfWt7chQu9ZE1Lh0aO4tKf7Gd4\nc9NhR82RAgMBAAECggEBAKrhIZPOM4dWvfxUgWHPMIXk6bwWmsk2YlGLj4gQ67LG\nVwlM269wIbfGAU9CYh9f5jd7aUYmQW0IHYm1vpPFs0F6oyTmQGE5siZPgM1geid0\nNiGKwISa75f+t0l+K7GekMz+BevjQZTjdHubt5+94rZFd1jGGXR1pLB6O/COMnmm\nHfQ8EQBKRZ0lqYKe9waNC+oGs9azxr6AnhwtZIsTixkNOGYC78TyehEF1DuCPSQa\nWp2N1Matn2lrNsA7nr+BN1zGz8nxvKAYw+opNWANawhUy04+w37pqS1FpWtNrA2z\nTFxfb6IhDy12RblXu1y3Mc8CCYkvgx+t/VyFKj+XsQECgYEA8U54P+6lnKJ2pQyA\niY/htynGuzFr0r17uL/l4xV86rY1i5QBJYtMEmDuo4I72LBTl9VQPTk8vEeCg0Cd\nMYkvMtUJBSFLHFyUcfJP2cl0KKH7fhYE5VImoz+vpNHEHakrYg2SvrARAi+3k1LC\nz1RlMRg1ohr0MGmH+fFnO6rl6yUCgYEAxs8sUufeC1k9mSlLuLmZBXnmGT7UAK7d\n8CytpoCQCgyvzi0+bRvD+v2BkvV/+VuuQUhTrDiMqDeF8kYzip/2WoDlr/l5ZqTK\nyRsewbJBZnmYoMcKUfwcx2SsGKF/nHiOxGYFJ7lgh2SqRchHZAH3/PzhiqIokQMe\nddgw0lztov0CgYEAvwDQ2DIrbt9+MEjEGZ8FGDl+L7//y/DmVKe47NWeah7OJWyC\nt9gZ39ZQLqawfmWb1Wwotj1vIM0ttnzXsFUZQhA0spXW4V06tzMJF6eJRXxqGDSP\nrYEoSkHn4vuTU7MLPvLlfADbhbKFiZyRzRDNhF3YXjcdoJB37FSz1RwCH+0CgYEA\nsiEuNZpK+SAccP7vObQRxzZRVI1WpsYHVQqzDFxkspxraPBg3qHiFyDM2D/fSi07\nFIMZdVW1sYMOIOWFiM+Ki8yx/9onTDCbAVWrWSG+N3L7rhKozIx3vLAXAnqxPCFI\nyfAe7ljKhIVNivjH/nNFHwf1jaF9d3Cz+iKam+FnioECgYEA5DzeYMuI8SbaMztR\nSYuS61sxKt10u9OdWzYxOhmL6eZrhRNwzAlxb64BUmXwOk8tlSA10EWnGTODwv2A\nZlQ8lmnS4y+YjjDJEQN/k2KSmrINVioSe8nJdoaOtusBPpAMLLhs6sRR37JVfFEa\nkDwgispoKmT8zJAWB6SDBEXwR7c=\n-----END PRIVATE KEY-----\n\'\n    ]\n    \'__id\' => \'1\'\n    \'Success\' => \'登录成功\'\n]\n\n$_SERVER = [\n    \'PATH\' => \'C:\\\\Windows\\\\system32;C:\\\\Windows;C:\\\\Windows\\\\System32\\\\Wbem;C:\\\\Windows\\\\System32\\\\WindowsPowerShell\\\\v1.0\\\\;D:\\\\ProgramFiles\\\\mingw64\\\\bin;D:\\\\Program Files\\\\PTC\\\\Creo Elements\\\\Pro5.0\\\\bin;C:\\\\Program Files (x86)\\\\NVIDIA Corporation\\\\PhysX\\\\Common;D:\\\\Program Files\\\\Java\\\\jdk1.8.0_111\\\\bin;D:\\\\Program Files\\\\Java\\\\jre1.8.0_111\\\\bin;D:\\\\Go\\\\bin;D:\\\\phpStudy\\\\php\\\\php-7.0.12-nts;D:\\\\ProgramFiles\\\\redis;D:\\\\ProgramFiles\\\\sphinx-2.2.11-release-win64\\\\bin;D:\\\\Program Files\\\\graphviz-2.38\\\\release\\\\bin;D:\\\\Program Files\\\\Git\\\\cmd;\'\n    \'SYSTEMROOT\' => \'C:\\\\Windows\'\n    \'COMSPEC\' => \'C:\\\\Windows\\\\system32\\\\cmd.exe\'\n    \'PATHEXT\' => \'.COM;.EXE;.BAT;.CMD;.VBS;.VBE;.JS;.JSE;.WSF;.WSH;.MSC\'\n    \'WINDIR\' => \'C:\\\\Windows\'\n    \'PHP_FCGI_MAX_REQUESTS\' => \'1000\'\n    \'PHPRC\' => \'D:/phpStudy/php/php-7.0.12-nts/\'\n    \'_FCGI_SHUTDOWN_EVENT_\' => \'2004\'\n    \'SCRIPT_NAME\' => \'/index.php\'\n    \'REQUEST_URI\' => \'/maintain/banner/ad/index\'\n    \'QUERY_STRING\' => \'\'\n    \'REQUEST_METHOD\' => \'GET\'\n    \'SERVER_PROTOCOL\' => \'HTTP/1.1\'\n    \'GATEWAY_INTERFACE\' => \'CGI/1.1\'\n    \'REDIRECT_URL\' => \'/maintain/banner/ad/index\'\n    \'REMOTE_PORT\' => \'55459\'\n    \'SCRIPT_FILENAME\' => \'E:/www/Yii/chonglou/backend/web/index.php\'\n    \'SERVER_ADMIN\' => \'admin@phpStudy.net\'\n    \'CONTEXT_DOCUMENT_ROOT\' => \'E:/www/Yii/chonglou/backend/web\'\n    \'CONTEXT_PREFIX\' => \'\'\n    \'REQUEST_SCHEME\' => \'http\'\n    \'DOCUMENT_ROOT\' => \'E:/www/Yii/chonglou/backend/web\'\n    \'REMOTE_ADDR\' => \'127.0.0.1\'\n    \'SERVER_PORT\' => \'80\'\n    \'SERVER_ADDR\' => \'127.0.0.1\'\n    \'SERVER_NAME\' => \'admin.chongloua.com\'\n    \'SERVER_SOFTWARE\' => \'Apache/2.4.23 (Win32) OpenSSL/1.0.2j mod_fcgid/2.3.9\'\n    \'SERVER_SIGNATURE\' => \'\'\n    \'SystemRoot\' => \'C:\\\\Windows\'\n    \'HTTP_COOKIE\' => \'_csrf-backend=7f31ba2972ead57e1d5b0f41c5a25370a07be8025007949913d0302cceff6eeba%3A2%3A%7Bi%3A0%3Bs%3A13%3A%22_csrf-backend%22%3Bi%3A1%3Bs%3A32%3A%22_4aLWGkwGb_2Ge1REk_DXm7_I4bAxZ6c%22%3B%7D; advanced-backend=22o8qu5p3v8fa6tm1pfb1io064\'\n    \'HTTP_ACCEPT_LANGUAGE\' => \'zh-CN,zh;q=0.9\'\n    \'HTTP_ACCEPT_ENCODING\' => \'gzip, deflate\'\n    \'HTTP_REFERER\' => \'http://admin.chongloua.com/maintain/banner/index\'\n    \'HTTP_ACCEPT\' => \'text/html,application/xhtml+xml,application/xml;q=0.9,image/webp,image/apng,*/*;q=0.8\'\n    \'HTTP_USER_AGENT\' => \'Mozilla/5.0 (Windows NT 6.1; WOW64) AppleWebKit/537.36 (KHTML, like Gecko) Chrome/65.0.3325.181 Safari/537.36\'\n    \'HTTP_UPGRADE_INSECURE_REQUESTS\' => \'1\'\n    \'HTTP_CONNECTION\' => \'close\'\n    \'HTTP_HOST\' => \'admin.chongloua.com\'\n    \'REDIRECT_STATUS\' => \'200\'\n    \'FCGI_ROLE\' => \'RESPONDER\'\n    \'PHP_SELF\' => \'/index.php\'\n    \'REQUEST_TIME_FLOAT\' => 1523632807.1969\n    \'REQUEST_TIME\' => 1523632807\n]');
INSERT INTO `sadmin_log` VALUES ('11', '2', 'yii\\log\\Dispatcher::dispatch', '1523630000', '[127.0.0.1][1][22o8qu5p3v8fa6tm1pfb1io064]', 'Unable to send log via yii\\log\\DbTarget: Exception (Database Exception) \'yii\\db\\Exception\' with message \'SQLSTATE[42S02]: Base table or view not found: 1146 Table \'chonglou.chonglou_yii_log\' doesn\'t exist\nThe SQL being executed was: INSERT INTO `chonglou_yii_log` (`level`, `category`, `log_time`, `prefix`, `message`)\n                VALUES (1, \'yii\\\\web\\\\HttpException:404\', 1523632807.3059, \'[127.0.0.1][1][22o8qu5p3v8fa6tm1pfb1io064]\', \'yii\\\\base\\\\InvalidRouteException: Unable to resolve the request \\\"maintain/banner/ad/index\\\". in E:\\\\www\\\\Yii\\\\chonglou\\\\vendor\\\\yiisoft\\\\yii2\\\\base\\\\Module.php:532\\nStack trace:\\n#0 E:\\\\www\\\\Yii\\\\chonglou\\\\vendor\\\\yiisoft\\\\yii2\\\\web\\\\Application.php(102): yii\\\\base\\\\Module->runAction(\\\'maintain/banner...\\\', Array)\\n#1 E:\\\\www\\\\Yii\\\\chonglou\\\\vendor\\\\yiisoft\\\\yii2\\\\base\\\\Application.php(380): yii\\\\web\\\\Application->handleRequest(Object(yii\\\\web\\\\Request))\\n#2 E:\\\\www\\\\Yii\\\\chonglou\\\\backend\\\\web\\\\index.php(19): yii\\\\base\\\\Application->run()\\n#3 {main}\\n\\nNext yii\\\\web\\\\NotFoundHttpException: 页面未找到。 in E:\\\\www\\\\Yii\\\\chonglou\\\\vendor\\\\yiisoft\\\\yii2\\\\web\\\\Application.php:114\\nStack trace:\\n#0 E:\\\\www\\\\Yii\\\\chonglou\\\\vendor\\\\yiisoft\\\\yii2\\\\base\\\\Application.php(380): yii\\\\web\\\\Application->handleRequest(Object(yii\\\\web\\\\Request))\\n#1 E:\\\\www\\\\Yii\\\\chonglou\\\\backend\\\\web\\\\index.php(19): yii\\\\base\\\\Application->run()\\n#2 {main}\')\' \n\nin E:\\www\\Yii\\chonglou\\vendor\\yiisoft\\yii2\\db\\Schema.php:636\n\nStack trace:\n#0 E:\\www\\Yii\\chonglou\\vendor\\yiisoft\\yii2\\db\\Command.php(856): yii\\db\\Schema->convertException(Object(PDOException), \'INSERT INTO `ch...\')\n#1 E:\\www\\Yii\\chonglou\\vendor\\yiisoft\\yii2\\log\\DbTarget.php(83): yii\\db\\Command->execute()\n#2 E:\\www\\Yii\\chonglou\\vendor\\yiisoft\\yii2\\log\\Target.php(124): yii\\log\\DbTarget->export()\n#3 E:\\www\\Yii\\chonglou\\vendor\\yiisoft\\yii2\\log\\Dispatcher.php(188): yii\\log\\Target->collect(Array, true)\n#4 E:\\www\\Yii\\chonglou\\vendor\\yiisoft\\yii2\\log\\Logger.php(177): yii\\log\\Dispatcher->dispatch(Array, true)\n#5 E:\\www\\Yii\\chonglou\\vendor\\yiisoft\\yii2\\base\\ErrorHandler.php(113): yii\\log\\Logger->flush(true)\n#6 [internal function]: yii\\base\\ErrorHandler->handleException(Object(yii\\web\\NotFoundHttpException))\n#7 {main}');
INSERT INTO `sadmin_log` VALUES ('12', '4', 'application', '1523630000', '[127.0.0.1][1][22o8qu5p3v8fa6tm1pfb1io064]', '$_COOKIE = [\n    \'_csrf-backend\' => \'7f31ba2972ead57e1d5b0f41c5a25370a07be8025007949913d0302cceff6eeba:2:{i:0;s:13:\\\"_csrf-backend\\\";i:1;s:32:\\\"_4aLWGkwGb_2Ge1REk_DXm7_I4bAxZ6c\\\";}\'\n    \'advanced-backend\' => \'22o8qu5p3v8fa6tm1pfb1io064\'\n]\n\n$_SESSION = [\n    \'__flash\' => [\n        \'Success\' => -1\n    ]\n    \'__returnUrl\' => \'/\'\n    \'rsaKey\' => [\n        \'public_key\' => \'MIIBIjANBgkqhkiG9w0BAQEFAAOCAQ8AMIIBCgKCAQEAu2X5PFCiq86sZLJ4dArFWc/Qb9wuvnrf42jNtOGVgN2Q5M5UShMgulO6LfAsSO+kh5SrFagpwWUBhAYRLQy1zRCs26UjMYeWlZAr/WajTFj0pZkylJO5NbqQqARXHU+WFdwHTsrwRT9wvuMW8RTqW+E3B98Kmbu0OFYA3mPO9VnlMQOpgmT5papDupkIHpcfkvZdcMMAiGo7c2B6RO7TF9qHAXN7qBm2VkgSAnzv46s0/o8V4NVGtgxd3EvC7OYuZeUHScsNH3wI9i80gYwSHSd/uYemVPfZxsLEuDrZKTIAryMobGTLX1re3IULvWRNS4dGjuLSn+xneHPTYUfNkQIDAQAB\'\n        \'private_key\' => \'-----BEGIN PRIVATE KEY-----\nMIIEwAIBADANBgkqhkiG9w0BAQEFAASCBKowggSmAgEAAoIBAQC7Zfk8UKKrzqxk\nsnh0CsVZz9Bv3C6+et/jaM204ZWA3ZDkzlRKEyC6U7ot8CxI76SHlKsVqCnBZQGE\nBhEtDLXNEKzbpSMxh5aVkCv9ZqNMWPSlmTKUk7k1upCoBFcdT5YV3AdOyvBFP3C+\n4xbxFOpb4TcH3wqZu7Q4VgDeY871WeUxA6mCZPmlqkO6mQgelx+S9l1wwwCIajtz\nYHpE7tMX2ocBc3uoGbZWSBICfO/jqzT+jxXg1Ua2DF3cS8Ls5i5l5QdJyw0ffAj2\nLzSBjBIdJ3+5h6ZU99nGwsS4OtkpMgCvIyhsZMtfWt7chQu9ZE1Lh0aO4tKf7Gd4\nc9NhR82RAgMBAAECggEBAKrhIZPOM4dWvfxUgWHPMIXk6bwWmsk2YlGLj4gQ67LG\nVwlM269wIbfGAU9CYh9f5jd7aUYmQW0IHYm1vpPFs0F6oyTmQGE5siZPgM1geid0\nNiGKwISa75f+t0l+K7GekMz+BevjQZTjdHubt5+94rZFd1jGGXR1pLB6O/COMnmm\nHfQ8EQBKRZ0lqYKe9waNC+oGs9azxr6AnhwtZIsTixkNOGYC78TyehEF1DuCPSQa\nWp2N1Matn2lrNsA7nr+BN1zGz8nxvKAYw+opNWANawhUy04+w37pqS1FpWtNrA2z\nTFxfb6IhDy12RblXu1y3Mc8CCYkvgx+t/VyFKj+XsQECgYEA8U54P+6lnKJ2pQyA\niY/htynGuzFr0r17uL/l4xV86rY1i5QBJYtMEmDuo4I72LBTl9VQPTk8vEeCg0Cd\nMYkvMtUJBSFLHFyUcfJP2cl0KKH7fhYE5VImoz+vpNHEHakrYg2SvrARAi+3k1LC\nz1RlMRg1ohr0MGmH+fFnO6rl6yUCgYEAxs8sUufeC1k9mSlLuLmZBXnmGT7UAK7d\n8CytpoCQCgyvzi0+bRvD+v2BkvV/+VuuQUhTrDiMqDeF8kYzip/2WoDlr/l5ZqTK\nyRsewbJBZnmYoMcKUfwcx2SsGKF/nHiOxGYFJ7lgh2SqRchHZAH3/PzhiqIokQMe\nddgw0lztov0CgYEAvwDQ2DIrbt9+MEjEGZ8FGDl+L7//y/DmVKe47NWeah7OJWyC\nt9gZ39ZQLqawfmWb1Wwotj1vIM0ttnzXsFUZQhA0spXW4V06tzMJF6eJRXxqGDSP\nrYEoSkHn4vuTU7MLPvLlfADbhbKFiZyRzRDNhF3YXjcdoJB37FSz1RwCH+0CgYEA\nsiEuNZpK+SAccP7vObQRxzZRVI1WpsYHVQqzDFxkspxraPBg3qHiFyDM2D/fSi07\nFIMZdVW1sYMOIOWFiM+Ki8yx/9onTDCbAVWrWSG+N3L7rhKozIx3vLAXAnqxPCFI\nyfAe7ljKhIVNivjH/nNFHwf1jaF9d3Cz+iKam+FnioECgYEA5DzeYMuI8SbaMztR\nSYuS61sxKt10u9OdWzYxOhmL6eZrhRNwzAlxb64BUmXwOk8tlSA10EWnGTODwv2A\nZlQ8lmnS4y+YjjDJEQN/k2KSmrINVioSe8nJdoaOtusBPpAMLLhs6sRR37JVfFEa\nkDwgispoKmT8zJAWB6SDBEXwR7c=\n-----END PRIVATE KEY-----\n\'\n    ]\n    \'__id\' => \'1\'\n    \'Success\' => \'登录成功\'\n]\n\n$_SERVER = [\n    \'PATH\' => \'C:\\\\Windows\\\\system32;C:\\\\Windows;C:\\\\Windows\\\\System32\\\\Wbem;C:\\\\Windows\\\\System32\\\\WindowsPowerShell\\\\v1.0\\\\;D:\\\\ProgramFiles\\\\mingw64\\\\bin;D:\\\\Program Files\\\\PTC\\\\Creo Elements\\\\Pro5.0\\\\bin;C:\\\\Program Files (x86)\\\\NVIDIA Corporation\\\\PhysX\\\\Common;D:\\\\Program Files\\\\Java\\\\jdk1.8.0_111\\\\bin;D:\\\\Program Files\\\\Java\\\\jre1.8.0_111\\\\bin;D:\\\\Go\\\\bin;D:\\\\phpStudy\\\\php\\\\php-7.0.12-nts;D:\\\\ProgramFiles\\\\redis;D:\\\\ProgramFiles\\\\sphinx-2.2.11-release-win64\\\\bin;D:\\\\Program Files\\\\graphviz-2.38\\\\release\\\\bin;D:\\\\Program Files\\\\Git\\\\cmd;\'\n    \'SYSTEMROOT\' => \'C:\\\\Windows\'\n    \'COMSPEC\' => \'C:\\\\Windows\\\\system32\\\\cmd.exe\'\n    \'PATHEXT\' => \'.COM;.EXE;.BAT;.CMD;.VBS;.VBE;.JS;.JSE;.WSF;.WSH;.MSC\'\n    \'WINDIR\' => \'C:\\\\Windows\'\n    \'PHP_FCGI_MAX_REQUESTS\' => \'1000\'\n    \'PHPRC\' => \'D:/phpStudy/php/php-7.0.12-nts/\'\n    \'_FCGI_SHUTDOWN_EVENT_\' => \'2004\'\n    \'SCRIPT_NAME\' => \'/index.php\'\n    \'REQUEST_URI\' => \'/maintain/banner/ad/index\'\n    \'QUERY_STRING\' => \'\'\n    \'REQUEST_METHOD\' => \'GET\'\n    \'SERVER_PROTOCOL\' => \'HTTP/1.1\'\n    \'GATEWAY_INTERFACE\' => \'CGI/1.1\'\n    \'REDIRECT_URL\' => \'/maintain/banner/ad/index\'\n    \'REMOTE_PORT\' => \'55459\'\n    \'SCRIPT_FILENAME\' => \'E:/www/Yii/chonglou/backend/web/index.php\'\n    \'SERVER_ADMIN\' => \'admin@phpStudy.net\'\n    \'CONTEXT_DOCUMENT_ROOT\' => \'E:/www/Yii/chonglou/backend/web\'\n    \'CONTEXT_PREFIX\' => \'\'\n    \'REQUEST_SCHEME\' => \'http\'\n    \'DOCUMENT_ROOT\' => \'E:/www/Yii/chonglou/backend/web\'\n    \'REMOTE_ADDR\' => \'127.0.0.1\'\n    \'SERVER_PORT\' => \'80\'\n    \'SERVER_ADDR\' => \'127.0.0.1\'\n    \'SERVER_NAME\' => \'admin.chongloua.com\'\n    \'SERVER_SOFTWARE\' => \'Apache/2.4.23 (Win32) OpenSSL/1.0.2j mod_fcgid/2.3.9\'\n    \'SERVER_SIGNATURE\' => \'\'\n    \'SystemRoot\' => \'C:\\\\Windows\'\n    \'HTTP_COOKIE\' => \'_csrf-backend=7f31ba2972ead57e1d5b0f41c5a25370a07be8025007949913d0302cceff6eeba%3A2%3A%7Bi%3A0%3Bs%3A13%3A%22_csrf-backend%22%3Bi%3A1%3Bs%3A32%3A%22_4aLWGkwGb_2Ge1REk_DXm7_I4bAxZ6c%22%3B%7D; advanced-backend=22o8qu5p3v8fa6tm1pfb1io064\'\n    \'HTTP_ACCEPT_LANGUAGE\' => \'zh-CN,zh;q=0.9\'\n    \'HTTP_ACCEPT_ENCODING\' => \'gzip, deflate\'\n    \'HTTP_REFERER\' => \'http://admin.chongloua.com/maintain/banner/index\'\n    \'HTTP_ACCEPT\' => \'text/html,application/xhtml+xml,application/xml;q=0.9,image/webp,image/apng,*/*;q=0.8\'\n    \'HTTP_USER_AGENT\' => \'Mozilla/5.0 (Windows NT 6.1; WOW64) AppleWebKit/537.36 (KHTML, like Gecko) Chrome/65.0.3325.181 Safari/537.36\'\n    \'HTTP_UPGRADE_INSECURE_REQUESTS\' => \'1\'\n    \'HTTP_CONNECTION\' => \'close\'\n    \'HTTP_HOST\' => \'admin.chongloua.com\'\n    \'REDIRECT_STATUS\' => \'200\'\n    \'FCGI_ROLE\' => \'RESPONDER\'\n    \'PHP_SELF\' => \'/index.php\'\n    \'REQUEST_TIME_FLOAT\' => 1523632807.1969\n    \'REQUEST_TIME\' => 1523632807\n]');
INSERT INTO `sadmin_log` VALUES ('13', '1', 'yii\\web\\HttpException:404', '1523630000', '[127.0.0.1][1][22o8qu5p3v8fa6tm1pfb1io064]', 'yii\\web\\NotFoundHttpException: 页面未找到。 in E:\\www\\Yii\\chonglou\\vendor\\yiisoft\\yii2\\web\\Application.php:114\nStack trace:\n#0 E:\\www\\Yii\\chonglou\\vendor\\yiisoft\\yii2\\base\\Application.php(380): yii\\web\\Application->handleRequest(Object(yii\\web\\Request))\n#1 E:\\www\\Yii\\chonglou\\backend\\web\\index.php(19): yii\\base\\Application->run()\n#2 {main}');
INSERT INTO `sadmin_log` VALUES ('14', '4', 'application', '1523630000', '[127.0.0.1][1][22o8qu5p3v8fa6tm1pfb1io064]', '$_COOKIE = [\n    \'_csrf-backend\' => \'7f31ba2972ead57e1d5b0f41c5a25370a07be8025007949913d0302cceff6eeba:2:{i:0;s:13:\\\"_csrf-backend\\\";i:1;s:32:\\\"_4aLWGkwGb_2Ge1REk_DXm7_I4bAxZ6c\\\";}\'\n    \'advanced-backend\' => \'22o8qu5p3v8fa6tm1pfb1io064\'\n]\n\n$_SESSION = [\n    \'__flash\' => [\n        \'Success\' => -1\n    ]\n    \'__returnUrl\' => \'/\'\n    \'rsaKey\' => [\n        \'public_key\' => \'MIIBIjANBgkqhkiG9w0BAQEFAAOCAQ8AMIIBCgKCAQEAu2X5PFCiq86sZLJ4dArFWc/Qb9wuvnrf42jNtOGVgN2Q5M5UShMgulO6LfAsSO+kh5SrFagpwWUBhAYRLQy1zRCs26UjMYeWlZAr/WajTFj0pZkylJO5NbqQqARXHU+WFdwHTsrwRT9wvuMW8RTqW+E3B98Kmbu0OFYA3mPO9VnlMQOpgmT5papDupkIHpcfkvZdcMMAiGo7c2B6RO7TF9qHAXN7qBm2VkgSAnzv46s0/o8V4NVGtgxd3EvC7OYuZeUHScsNH3wI9i80gYwSHSd/uYemVPfZxsLEuDrZKTIAryMobGTLX1re3IULvWRNS4dGjuLSn+xneHPTYUfNkQIDAQAB\'\n        \'private_key\' => \'-----BEGIN PRIVATE KEY-----\nMIIEwAIBADANBgkqhkiG9w0BAQEFAASCBKowggSmAgEAAoIBAQC7Zfk8UKKrzqxk\nsnh0CsVZz9Bv3C6+et/jaM204ZWA3ZDkzlRKEyC6U7ot8CxI76SHlKsVqCnBZQGE\nBhEtDLXNEKzbpSMxh5aVkCv9ZqNMWPSlmTKUk7k1upCoBFcdT5YV3AdOyvBFP3C+\n4xbxFOpb4TcH3wqZu7Q4VgDeY871WeUxA6mCZPmlqkO6mQgelx+S9l1wwwCIajtz\nYHpE7tMX2ocBc3uoGbZWSBICfO/jqzT+jxXg1Ua2DF3cS8Ls5i5l5QdJyw0ffAj2\nLzSBjBIdJ3+5h6ZU99nGwsS4OtkpMgCvIyhsZMtfWt7chQu9ZE1Lh0aO4tKf7Gd4\nc9NhR82RAgMBAAECggEBAKrhIZPOM4dWvfxUgWHPMIXk6bwWmsk2YlGLj4gQ67LG\nVwlM269wIbfGAU9CYh9f5jd7aUYmQW0IHYm1vpPFs0F6oyTmQGE5siZPgM1geid0\nNiGKwISa75f+t0l+K7GekMz+BevjQZTjdHubt5+94rZFd1jGGXR1pLB6O/COMnmm\nHfQ8EQBKRZ0lqYKe9waNC+oGs9azxr6AnhwtZIsTixkNOGYC78TyehEF1DuCPSQa\nWp2N1Matn2lrNsA7nr+BN1zGz8nxvKAYw+opNWANawhUy04+w37pqS1FpWtNrA2z\nTFxfb6IhDy12RblXu1y3Mc8CCYkvgx+t/VyFKj+XsQECgYEA8U54P+6lnKJ2pQyA\niY/htynGuzFr0r17uL/l4xV86rY1i5QBJYtMEmDuo4I72LBTl9VQPTk8vEeCg0Cd\nMYkvMtUJBSFLHFyUcfJP2cl0KKH7fhYE5VImoz+vpNHEHakrYg2SvrARAi+3k1LC\nz1RlMRg1ohr0MGmH+fFnO6rl6yUCgYEAxs8sUufeC1k9mSlLuLmZBXnmGT7UAK7d\n8CytpoCQCgyvzi0+bRvD+v2BkvV/+VuuQUhTrDiMqDeF8kYzip/2WoDlr/l5ZqTK\nyRsewbJBZnmYoMcKUfwcx2SsGKF/nHiOxGYFJ7lgh2SqRchHZAH3/PzhiqIokQMe\nddgw0lztov0CgYEAvwDQ2DIrbt9+MEjEGZ8FGDl+L7//y/DmVKe47NWeah7OJWyC\nt9gZ39ZQLqawfmWb1Wwotj1vIM0ttnzXsFUZQhA0spXW4V06tzMJF6eJRXxqGDSP\nrYEoSkHn4vuTU7MLPvLlfADbhbKFiZyRzRDNhF3YXjcdoJB37FSz1RwCH+0CgYEA\nsiEuNZpK+SAccP7vObQRxzZRVI1WpsYHVQqzDFxkspxraPBg3qHiFyDM2D/fSi07\nFIMZdVW1sYMOIOWFiM+Ki8yx/9onTDCbAVWrWSG+N3L7rhKozIx3vLAXAnqxPCFI\nyfAe7ljKhIVNivjH/nNFHwf1jaF9d3Cz+iKam+FnioECgYEA5DzeYMuI8SbaMztR\nSYuS61sxKt10u9OdWzYxOhmL6eZrhRNwzAlxb64BUmXwOk8tlSA10EWnGTODwv2A\nZlQ8lmnS4y+YjjDJEQN/k2KSmrINVioSe8nJdoaOtusBPpAMLLhs6sRR37JVfFEa\nkDwgispoKmT8zJAWB6SDBEXwR7c=\n-----END PRIVATE KEY-----\n\'\n    ]\n    \'__id\' => \'1\'\n    \'Success\' => \'登录成功\'\n]\n\n$_SERVER = [\n    \'PATH\' => \'C:\\\\Windows\\\\system32;C:\\\\Windows;C:\\\\Windows\\\\System32\\\\Wbem;C:\\\\Windows\\\\System32\\\\WindowsPowerShell\\\\v1.0\\\\;D:\\\\ProgramFiles\\\\mingw64\\\\bin;D:\\\\Program Files\\\\PTC\\\\Creo Elements\\\\Pro5.0\\\\bin;C:\\\\Program Files (x86)\\\\NVIDIA Corporation\\\\PhysX\\\\Common;D:\\\\Program Files\\\\Java\\\\jdk1.8.0_111\\\\bin;D:\\\\Program Files\\\\Java\\\\jre1.8.0_111\\\\bin;D:\\\\Go\\\\bin;D:\\\\phpStudy\\\\php\\\\php-7.0.12-nts;D:\\\\ProgramFiles\\\\redis;D:\\\\ProgramFiles\\\\sphinx-2.2.11-release-win64\\\\bin;D:\\\\Program Files\\\\graphviz-2.38\\\\release\\\\bin;D:\\\\Program Files\\\\Git\\\\cmd;\'\n    \'SYSTEMROOT\' => \'C:\\\\Windows\'\n    \'COMSPEC\' => \'C:\\\\Windows\\\\system32\\\\cmd.exe\'\n    \'PATHEXT\' => \'.COM;.EXE;.BAT;.CMD;.VBS;.VBE;.JS;.JSE;.WSF;.WSH;.MSC\'\n    \'WINDIR\' => \'C:\\\\Windows\'\n    \'PHP_FCGI_MAX_REQUESTS\' => \'1000\'\n    \'PHPRC\' => \'D:/phpStudy/php/php-7.0.12-nts/\'\n    \'_FCGI_SHUTDOWN_EVENT_\' => \'2004\'\n    \'SCRIPT_NAME\' => \'/index.php\'\n    \'REQUEST_URI\' => \'/article/single/index\'\n    \'QUERY_STRING\' => \'\'\n    \'REQUEST_METHOD\' => \'GET\'\n    \'SERVER_PROTOCOL\' => \'HTTP/1.1\'\n    \'GATEWAY_INTERFACE\' => \'CGI/1.1\'\n    \'REDIRECT_URL\' => \'/article/single/index\'\n    \'REMOTE_PORT\' => \'55481\'\n    \'SCRIPT_FILENAME\' => \'E:/www/Yii/chonglou/backend/web/index.php\'\n    \'SERVER_ADMIN\' => \'admin@phpStudy.net\'\n    \'CONTEXT_DOCUMENT_ROOT\' => \'E:/www/Yii/chonglou/backend/web\'\n    \'CONTEXT_PREFIX\' => \'\'\n    \'REQUEST_SCHEME\' => \'http\'\n    \'DOCUMENT_ROOT\' => \'E:/www/Yii/chonglou/backend/web\'\n    \'REMOTE_ADDR\' => \'127.0.0.1\'\n    \'SERVER_PORT\' => \'80\'\n    \'SERVER_ADDR\' => \'127.0.0.1\'\n    \'SERVER_NAME\' => \'admin.chongloua.com\'\n    \'SERVER_SOFTWARE\' => \'Apache/2.4.23 (Win32) OpenSSL/1.0.2j mod_fcgid/2.3.9\'\n    \'SERVER_SIGNATURE\' => \'\'\n    \'SystemRoot\' => \'C:\\\\Windows\'\n    \'HTTP_COOKIE\' => \'_csrf-backend=7f31ba2972ead57e1d5b0f41c5a25370a07be8025007949913d0302cceff6eeba%3A2%3A%7Bi%3A0%3Bs%3A13%3A%22_csrf-backend%22%3Bi%3A1%3Bs%3A32%3A%22_4aLWGkwGb_2Ge1REk_DXm7_I4bAxZ6c%22%3B%7D; advanced-backend=22o8qu5p3v8fa6tm1pfb1io064\'\n    \'HTTP_ACCEPT_LANGUAGE\' => \'zh-CN,zh;q=0.9\'\n    \'HTTP_ACCEPT_ENCODING\' => \'gzip, deflate\'\n    \'HTTP_REFERER\' => \'http://admin.chongloua.com/article/tag/index\'\n    \'HTTP_ACCEPT\' => \'text/html,application/xhtml+xml,application/xml;q=0.9,image/webp,image/apng,*/*;q=0.8\'\n    \'HTTP_USER_AGENT\' => \'Mozilla/5.0 (Windows NT 6.1; WOW64) AppleWebKit/537.36 (KHTML, like Gecko) Chrome/65.0.3325.181 Safari/537.36\'\n    \'HTTP_UPGRADE_INSECURE_REQUESTS\' => \'1\'\n    \'HTTP_CONNECTION\' => \'close\'\n    \'HTTP_HOST\' => \'admin.chongloua.com\'\n    \'REDIRECT_STATUS\' => \'200\'\n    \'FCGI_ROLE\' => \'RESPONDER\'\n    \'PHP_SELF\' => \'/index.php\'\n    \'REQUEST_TIME_FLOAT\' => 1523632816.6044\n    \'REQUEST_TIME\' => 1523632816\n]');
INSERT INTO `sadmin_log` VALUES ('15', '2', 'yii\\log\\Dispatcher::dispatch', '1523630000', '[127.0.0.1][1][22o8qu5p3v8fa6tm1pfb1io064]', 'Unable to send log via yii\\log\\DbTarget: Exception (Database Exception) \'yii\\db\\Exception\' with message \'SQLSTATE[42S02]: Base table or view not found: 1146 Table \'chonglou.chonglou_yii_log\' doesn\'t exist\nThe SQL being executed was: INSERT INTO `chonglou_yii_log` (`level`, `category`, `log_time`, `prefix`, `message`)\n                VALUES (1, \'yii\\\\web\\\\HttpException:404\', 1523632816.6824, \'[127.0.0.1][1][22o8qu5p3v8fa6tm1pfb1io064]\', \'yii\\\\base\\\\InvalidRouteException: Unable to resolve the request \\\"article/single/index\\\". in E:\\\\www\\\\Yii\\\\chonglou\\\\vendor\\\\yiisoft\\\\yii2\\\\base\\\\Module.php:532\\nStack trace:\\n#0 E:\\\\www\\\\Yii\\\\chonglou\\\\vendor\\\\yiisoft\\\\yii2\\\\web\\\\Application.php(102): yii\\\\base\\\\Module->runAction(\\\'article/single/...\\\', Array)\\n#1 E:\\\\www\\\\Yii\\\\chonglou\\\\vendor\\\\yiisoft\\\\yii2\\\\base\\\\Application.php(380): yii\\\\web\\\\Application->handleRequest(Object(yii\\\\web\\\\Request))\\n#2 E:\\\\www\\\\Yii\\\\chonglou\\\\backend\\\\web\\\\index.php(19): yii\\\\base\\\\Application->run()\\n#3 {main}\\n\\nNext yii\\\\web\\\\NotFoundHttpException: 页面未找到。 in E:\\\\www\\\\Yii\\\\chonglou\\\\vendor\\\\yiisoft\\\\yii2\\\\web\\\\Application.php:114\\nStack trace:\\n#0 E:\\\\www\\\\Yii\\\\chonglou\\\\vendor\\\\yiisoft\\\\yii2\\\\base\\\\Application.php(380): yii\\\\web\\\\Application->handleRequest(Object(yii\\\\web\\\\Request))\\n#1 E:\\\\www\\\\Yii\\\\chonglou\\\\backend\\\\web\\\\index.php(19): yii\\\\base\\\\Application->run()\\n#2 {main}\')\' \n\nin E:\\www\\Yii\\chonglou\\vendor\\yiisoft\\yii2\\db\\Schema.php:636\n\nStack trace:\n#0 E:\\www\\Yii\\chonglou\\vendor\\yiisoft\\yii2\\db\\Command.php(856): yii\\db\\Schema->convertException(Object(PDOException), \'INSERT INTO `ch...\')\n#1 E:\\www\\Yii\\chonglou\\vendor\\yiisoft\\yii2\\log\\DbTarget.php(83): yii\\db\\Command->execute()\n#2 E:\\www\\Yii\\chonglou\\vendor\\yiisoft\\yii2\\log\\Target.php(124): yii\\log\\DbTarget->export()\n#3 E:\\www\\Yii\\chonglou\\vendor\\yiisoft\\yii2\\log\\Dispatcher.php(188): yii\\log\\Target->collect(Array, true)\n#4 E:\\www\\Yii\\chonglou\\vendor\\yiisoft\\yii2\\log\\Logger.php(177): yii\\log\\Dispatcher->dispatch(Array, true)\n#5 E:\\www\\Yii\\chonglou\\vendor\\yiisoft\\yii2\\base\\ErrorHandler.php(113): yii\\log\\Logger->flush(true)\n#6 [internal function]: yii\\base\\ErrorHandler->handleException(Object(yii\\web\\NotFoundHttpException))\n#7 {main}');
INSERT INTO `sadmin_log` VALUES ('16', '4', 'application', '1523630000', '[127.0.0.1][1][22o8qu5p3v8fa6tm1pfb1io064]', '$_COOKIE = [\n    \'_csrf-backend\' => \'7f31ba2972ead57e1d5b0f41c5a25370a07be8025007949913d0302cceff6eeba:2:{i:0;s:13:\\\"_csrf-backend\\\";i:1;s:32:\\\"_4aLWGkwGb_2Ge1REk_DXm7_I4bAxZ6c\\\";}\'\n    \'advanced-backend\' => \'22o8qu5p3v8fa6tm1pfb1io064\'\n]\n\n$_SESSION = [\n    \'__flash\' => [\n        \'Success\' => -1\n    ]\n    \'__returnUrl\' => \'/\'\n    \'rsaKey\' => [\n        \'public_key\' => \'MIIBIjANBgkqhkiG9w0BAQEFAAOCAQ8AMIIBCgKCAQEAu2X5PFCiq86sZLJ4dArFWc/Qb9wuvnrf42jNtOGVgN2Q5M5UShMgulO6LfAsSO+kh5SrFagpwWUBhAYRLQy1zRCs26UjMYeWlZAr/WajTFj0pZkylJO5NbqQqARXHU+WFdwHTsrwRT9wvuMW8RTqW+E3B98Kmbu0OFYA3mPO9VnlMQOpgmT5papDupkIHpcfkvZdcMMAiGo7c2B6RO7TF9qHAXN7qBm2VkgSAnzv46s0/o8V4NVGtgxd3EvC7OYuZeUHScsNH3wI9i80gYwSHSd/uYemVPfZxsLEuDrZKTIAryMobGTLX1re3IULvWRNS4dGjuLSn+xneHPTYUfNkQIDAQAB\'\n        \'private_key\' => \'-----BEGIN PRIVATE KEY-----\nMIIEwAIBADANBgkqhkiG9w0BAQEFAASCBKowggSmAgEAAoIBAQC7Zfk8UKKrzqxk\nsnh0CsVZz9Bv3C6+et/jaM204ZWA3ZDkzlRKEyC6U7ot8CxI76SHlKsVqCnBZQGE\nBhEtDLXNEKzbpSMxh5aVkCv9ZqNMWPSlmTKUk7k1upCoBFcdT5YV3AdOyvBFP3C+\n4xbxFOpb4TcH3wqZu7Q4VgDeY871WeUxA6mCZPmlqkO6mQgelx+S9l1wwwCIajtz\nYHpE7tMX2ocBc3uoGbZWSBICfO/jqzT+jxXg1Ua2DF3cS8Ls5i5l5QdJyw0ffAj2\nLzSBjBIdJ3+5h6ZU99nGwsS4OtkpMgCvIyhsZMtfWt7chQu9ZE1Lh0aO4tKf7Gd4\nc9NhR82RAgMBAAECggEBAKrhIZPOM4dWvfxUgWHPMIXk6bwWmsk2YlGLj4gQ67LG\nVwlM269wIbfGAU9CYh9f5jd7aUYmQW0IHYm1vpPFs0F6oyTmQGE5siZPgM1geid0\nNiGKwISa75f+t0l+K7GekMz+BevjQZTjdHubt5+94rZFd1jGGXR1pLB6O/COMnmm\nHfQ8EQBKRZ0lqYKe9waNC+oGs9azxr6AnhwtZIsTixkNOGYC78TyehEF1DuCPSQa\nWp2N1Matn2lrNsA7nr+BN1zGz8nxvKAYw+opNWANawhUy04+w37pqS1FpWtNrA2z\nTFxfb6IhDy12RblXu1y3Mc8CCYkvgx+t/VyFKj+XsQECgYEA8U54P+6lnKJ2pQyA\niY/htynGuzFr0r17uL/l4xV86rY1i5QBJYtMEmDuo4I72LBTl9VQPTk8vEeCg0Cd\nMYkvMtUJBSFLHFyUcfJP2cl0KKH7fhYE5VImoz+vpNHEHakrYg2SvrARAi+3k1LC\nz1RlMRg1ohr0MGmH+fFnO6rl6yUCgYEAxs8sUufeC1k9mSlLuLmZBXnmGT7UAK7d\n8CytpoCQCgyvzi0+bRvD+v2BkvV/+VuuQUhTrDiMqDeF8kYzip/2WoDlr/l5ZqTK\nyRsewbJBZnmYoMcKUfwcx2SsGKF/nHiOxGYFJ7lgh2SqRchHZAH3/PzhiqIokQMe\nddgw0lztov0CgYEAvwDQ2DIrbt9+MEjEGZ8FGDl+L7//y/DmVKe47NWeah7OJWyC\nt9gZ39ZQLqawfmWb1Wwotj1vIM0ttnzXsFUZQhA0spXW4V06tzMJF6eJRXxqGDSP\nrYEoSkHn4vuTU7MLPvLlfADbhbKFiZyRzRDNhF3YXjcdoJB37FSz1RwCH+0CgYEA\nsiEuNZpK+SAccP7vObQRxzZRVI1WpsYHVQqzDFxkspxraPBg3qHiFyDM2D/fSi07\nFIMZdVW1sYMOIOWFiM+Ki8yx/9onTDCbAVWrWSG+N3L7rhKozIx3vLAXAnqxPCFI\nyfAe7ljKhIVNivjH/nNFHwf1jaF9d3Cz+iKam+FnioECgYEA5DzeYMuI8SbaMztR\nSYuS61sxKt10u9OdWzYxOhmL6eZrhRNwzAlxb64BUmXwOk8tlSA10EWnGTODwv2A\nZlQ8lmnS4y+YjjDJEQN/k2KSmrINVioSe8nJdoaOtusBPpAMLLhs6sRR37JVfFEa\nkDwgispoKmT8zJAWB6SDBEXwR7c=\n-----END PRIVATE KEY-----\n\'\n    ]\n    \'__id\' => \'1\'\n    \'Success\' => \'登录成功\'\n]\n\n$_SERVER = [\n    \'PATH\' => \'C:\\\\Windows\\\\system32;C:\\\\Windows;C:\\\\Windows\\\\System32\\\\Wbem;C:\\\\Windows\\\\System32\\\\WindowsPowerShell\\\\v1.0\\\\;D:\\\\ProgramFiles\\\\mingw64\\\\bin;D:\\\\Program Files\\\\PTC\\\\Creo Elements\\\\Pro5.0\\\\bin;C:\\\\Program Files (x86)\\\\NVIDIA Corporation\\\\PhysX\\\\Common;D:\\\\Program Files\\\\Java\\\\jdk1.8.0_111\\\\bin;D:\\\\Program Files\\\\Java\\\\jre1.8.0_111\\\\bin;D:\\\\Go\\\\bin;D:\\\\phpStudy\\\\php\\\\php-7.0.12-nts;D:\\\\ProgramFiles\\\\redis;D:\\\\ProgramFiles\\\\sphinx-2.2.11-release-win64\\\\bin;D:\\\\Program Files\\\\graphviz-2.38\\\\release\\\\bin;D:\\\\Program Files\\\\Git\\\\cmd;\'\n    \'SYSTEMROOT\' => \'C:\\\\Windows\'\n    \'COMSPEC\' => \'C:\\\\Windows\\\\system32\\\\cmd.exe\'\n    \'PATHEXT\' => \'.COM;.EXE;.BAT;.CMD;.VBS;.VBE;.JS;.JSE;.WSF;.WSH;.MSC\'\n    \'WINDIR\' => \'C:\\\\Windows\'\n    \'PHP_FCGI_MAX_REQUESTS\' => \'1000\'\n    \'PHPRC\' => \'D:/phpStudy/php/php-7.0.12-nts/\'\n    \'_FCGI_SHUTDOWN_EVENT_\' => \'2004\'\n    \'SCRIPT_NAME\' => \'/index.php\'\n    \'REQUEST_URI\' => \'/article/single/index\'\n    \'QUERY_STRING\' => \'\'\n    \'REQUEST_METHOD\' => \'GET\'\n    \'SERVER_PROTOCOL\' => \'HTTP/1.1\'\n    \'GATEWAY_INTERFACE\' => \'CGI/1.1\'\n    \'REDIRECT_URL\' => \'/article/single/index\'\n    \'REMOTE_PORT\' => \'55481\'\n    \'SCRIPT_FILENAME\' => \'E:/www/Yii/chonglou/backend/web/index.php\'\n    \'SERVER_ADMIN\' => \'admin@phpStudy.net\'\n    \'CONTEXT_DOCUMENT_ROOT\' => \'E:/www/Yii/chonglou/backend/web\'\n    \'CONTEXT_PREFIX\' => \'\'\n    \'REQUEST_SCHEME\' => \'http\'\n    \'DOCUMENT_ROOT\' => \'E:/www/Yii/chonglou/backend/web\'\n    \'REMOTE_ADDR\' => \'127.0.0.1\'\n    \'SERVER_PORT\' => \'80\'\n    \'SERVER_ADDR\' => \'127.0.0.1\'\n    \'SERVER_NAME\' => \'admin.chongloua.com\'\n    \'SERVER_SOFTWARE\' => \'Apache/2.4.23 (Win32) OpenSSL/1.0.2j mod_fcgid/2.3.9\'\n    \'SERVER_SIGNATURE\' => \'\'\n    \'SystemRoot\' => \'C:\\\\Windows\'\n    \'HTTP_COOKIE\' => \'_csrf-backend=7f31ba2972ead57e1d5b0f41c5a25370a07be8025007949913d0302cceff6eeba%3A2%3A%7Bi%3A0%3Bs%3A13%3A%22_csrf-backend%22%3Bi%3A1%3Bs%3A32%3A%22_4aLWGkwGb_2Ge1REk_DXm7_I4bAxZ6c%22%3B%7D; advanced-backend=22o8qu5p3v8fa6tm1pfb1io064\'\n    \'HTTP_ACCEPT_LANGUAGE\' => \'zh-CN,zh;q=0.9\'\n    \'HTTP_ACCEPT_ENCODING\' => \'gzip, deflate\'\n    \'HTTP_REFERER\' => \'http://admin.chongloua.com/article/tag/index\'\n    \'HTTP_ACCEPT\' => \'text/html,application/xhtml+xml,application/xml;q=0.9,image/webp,image/apng,*/*;q=0.8\'\n    \'HTTP_USER_AGENT\' => \'Mozilla/5.0 (Windows NT 6.1; WOW64) AppleWebKit/537.36 (KHTML, like Gecko) Chrome/65.0.3325.181 Safari/537.36\'\n    \'HTTP_UPGRADE_INSECURE_REQUESTS\' => \'1\'\n    \'HTTP_CONNECTION\' => \'close\'\n    \'HTTP_HOST\' => \'admin.chongloua.com\'\n    \'REDIRECT_STATUS\' => \'200\'\n    \'FCGI_ROLE\' => \'RESPONDER\'\n    \'PHP_SELF\' => \'/index.php\'\n    \'REQUEST_TIME_FLOAT\' => 1523632816.6044\n    \'REQUEST_TIME\' => 1523632816\n]');
INSERT INTO `sadmin_log` VALUES ('17', '1', 'yii\\web\\HttpException:404', '1523630000', '[127.0.0.1][1][22o8qu5p3v8fa6tm1pfb1io064]', 'yii\\web\\NotFoundHttpException: 页面未找到。 in E:\\www\\Yii\\chonglou\\vendor\\yiisoft\\yii2\\web\\Application.php:114\nStack trace:\n#0 E:\\www\\Yii\\chonglou\\vendor\\yiisoft\\yii2\\base\\Application.php(380): yii\\web\\Application->handleRequest(Object(yii\\web\\Request))\n#1 E:\\www\\Yii\\chonglou\\backend\\web\\index.php(19): yii\\base\\Application->run()\n#2 {main}');
INSERT INTO `sadmin_log` VALUES ('18', '4', 'application', '1523630000', '[127.0.0.1][1][22o8qu5p3v8fa6tm1pfb1io064]', '$_COOKIE = [\n    \'_csrf-backend\' => \'7f31ba2972ead57e1d5b0f41c5a25370a07be8025007949913d0302cceff6eeba:2:{i:0;s:13:\\\"_csrf-backend\\\";i:1;s:32:\\\"_4aLWGkwGb_2Ge1REk_DXm7_I4bAxZ6c\\\";}\'\n    \'advanced-backend\' => \'22o8qu5p3v8fa6tm1pfb1io064\'\n]\n\n$_SESSION = [\n    \'__flash\' => [\n        \'Success\' => -1\n    ]\n    \'__returnUrl\' => \'/\'\n    \'rsaKey\' => [\n        \'public_key\' => \'MIIBIjANBgkqhkiG9w0BAQEFAAOCAQ8AMIIBCgKCAQEAu2X5PFCiq86sZLJ4dArFWc/Qb9wuvnrf42jNtOGVgN2Q5M5UShMgulO6LfAsSO+kh5SrFagpwWUBhAYRLQy1zRCs26UjMYeWlZAr/WajTFj0pZkylJO5NbqQqARXHU+WFdwHTsrwRT9wvuMW8RTqW+E3B98Kmbu0OFYA3mPO9VnlMQOpgmT5papDupkIHpcfkvZdcMMAiGo7c2B6RO7TF9qHAXN7qBm2VkgSAnzv46s0/o8V4NVGtgxd3EvC7OYuZeUHScsNH3wI9i80gYwSHSd/uYemVPfZxsLEuDrZKTIAryMobGTLX1re3IULvWRNS4dGjuLSn+xneHPTYUfNkQIDAQAB\'\n        \'private_key\' => \'-----BEGIN PRIVATE KEY-----\nMIIEwAIBADANBgkqhkiG9w0BAQEFAASCBKowggSmAgEAAoIBAQC7Zfk8UKKrzqxk\nsnh0CsVZz9Bv3C6+et/jaM204ZWA3ZDkzlRKEyC6U7ot8CxI76SHlKsVqCnBZQGE\nBhEtDLXNEKzbpSMxh5aVkCv9ZqNMWPSlmTKUk7k1upCoBFcdT5YV3AdOyvBFP3C+\n4xbxFOpb4TcH3wqZu7Q4VgDeY871WeUxA6mCZPmlqkO6mQgelx+S9l1wwwCIajtz\nYHpE7tMX2ocBc3uoGbZWSBICfO/jqzT+jxXg1Ua2DF3cS8Ls5i5l5QdJyw0ffAj2\nLzSBjBIdJ3+5h6ZU99nGwsS4OtkpMgCvIyhsZMtfWt7chQu9ZE1Lh0aO4tKf7Gd4\nc9NhR82RAgMBAAECggEBAKrhIZPOM4dWvfxUgWHPMIXk6bwWmsk2YlGLj4gQ67LG\nVwlM269wIbfGAU9CYh9f5jd7aUYmQW0IHYm1vpPFs0F6oyTmQGE5siZPgM1geid0\nNiGKwISa75f+t0l+K7GekMz+BevjQZTjdHubt5+94rZFd1jGGXR1pLB6O/COMnmm\nHfQ8EQBKRZ0lqYKe9waNC+oGs9azxr6AnhwtZIsTixkNOGYC78TyehEF1DuCPSQa\nWp2N1Matn2lrNsA7nr+BN1zGz8nxvKAYw+opNWANawhUy04+w37pqS1FpWtNrA2z\nTFxfb6IhDy12RblXu1y3Mc8CCYkvgx+t/VyFKj+XsQECgYEA8U54P+6lnKJ2pQyA\niY/htynGuzFr0r17uL/l4xV86rY1i5QBJYtMEmDuo4I72LBTl9VQPTk8vEeCg0Cd\nMYkvMtUJBSFLHFyUcfJP2cl0KKH7fhYE5VImoz+vpNHEHakrYg2SvrARAi+3k1LC\nz1RlMRg1ohr0MGmH+fFnO6rl6yUCgYEAxs8sUufeC1k9mSlLuLmZBXnmGT7UAK7d\n8CytpoCQCgyvzi0+bRvD+v2BkvV/+VuuQUhTrDiMqDeF8kYzip/2WoDlr/l5ZqTK\nyRsewbJBZnmYoMcKUfwcx2SsGKF/nHiOxGYFJ7lgh2SqRchHZAH3/PzhiqIokQMe\nddgw0lztov0CgYEAvwDQ2DIrbt9+MEjEGZ8FGDl+L7//y/DmVKe47NWeah7OJWyC\nt9gZ39ZQLqawfmWb1Wwotj1vIM0ttnzXsFUZQhA0spXW4V06tzMJF6eJRXxqGDSP\nrYEoSkHn4vuTU7MLPvLlfADbhbKFiZyRzRDNhF3YXjcdoJB37FSz1RwCH+0CgYEA\nsiEuNZpK+SAccP7vObQRxzZRVI1WpsYHVQqzDFxkspxraPBg3qHiFyDM2D/fSi07\nFIMZdVW1sYMOIOWFiM+Ki8yx/9onTDCbAVWrWSG+N3L7rhKozIx3vLAXAnqxPCFI\nyfAe7ljKhIVNivjH/nNFHwf1jaF9d3Cz+iKam+FnioECgYEA5DzeYMuI8SbaMztR\nSYuS61sxKt10u9OdWzYxOhmL6eZrhRNwzAlxb64BUmXwOk8tlSA10EWnGTODwv2A\nZlQ8lmnS4y+YjjDJEQN/k2KSmrINVioSe8nJdoaOtusBPpAMLLhs6sRR37JVfFEa\nkDwgispoKmT8zJAWB6SDBEXwR7c=\n-----END PRIVATE KEY-----\n\'\n    ]\n    \'__id\' => \'1\'\n    \'Success\' => \'登录成功\'\n]\n\n$_SERVER = [\n    \'PATH\' => \'C:\\\\Windows\\\\system32;C:\\\\Windows;C:\\\\Windows\\\\System32\\\\Wbem;C:\\\\Windows\\\\System32\\\\WindowsPowerShell\\\\v1.0\\\\;D:\\\\ProgramFiles\\\\mingw64\\\\bin;D:\\\\Program Files\\\\PTC\\\\Creo Elements\\\\Pro5.0\\\\bin;C:\\\\Program Files (x86)\\\\NVIDIA Corporation\\\\PhysX\\\\Common;D:\\\\Program Files\\\\Java\\\\jdk1.8.0_111\\\\bin;D:\\\\Program Files\\\\Java\\\\jre1.8.0_111\\\\bin;D:\\\\Go\\\\bin;D:\\\\phpStudy\\\\php\\\\php-7.0.12-nts;D:\\\\ProgramFiles\\\\redis;D:\\\\ProgramFiles\\\\sphinx-2.2.11-release-win64\\\\bin;D:\\\\Program Files\\\\graphviz-2.38\\\\release\\\\bin;D:\\\\Program Files\\\\Git\\\\cmd;\'\n    \'SYSTEMROOT\' => \'C:\\\\Windows\'\n    \'COMSPEC\' => \'C:\\\\Windows\\\\system32\\\\cmd.exe\'\n    \'PATHEXT\' => \'.COM;.EXE;.BAT;.CMD;.VBS;.VBE;.JS;.JSE;.WSF;.WSH;.MSC\'\n    \'WINDIR\' => \'C:\\\\Windows\'\n    \'PHP_FCGI_MAX_REQUESTS\' => \'1000\'\n    \'PHPRC\' => \'D:/phpStudy/php/php-7.0.12-nts/\'\n    \'_FCGI_SHUTDOWN_EVENT_\' => \'1984\'\n    \'SCRIPT_NAME\' => \'/index.php\'\n    \'REQUEST_URI\' => \'/article/single/index\'\n    \'QUERY_STRING\' => \'\'\n    \'REQUEST_METHOD\' => \'GET\'\n    \'SERVER_PROTOCOL\' => \'HTTP/1.1\'\n    \'GATEWAY_INTERFACE\' => \'CGI/1.1\'\n    \'REDIRECT_URL\' => \'/article/single/index\'\n    \'REMOTE_PORT\' => \'59634\'\n    \'SCRIPT_FILENAME\' => \'E:/www/Yii/chonglou/backend/web/index.php\'\n    \'SERVER_ADMIN\' => \'admin@phpStudy.net\'\n    \'CONTEXT_DOCUMENT_ROOT\' => \'E:/www/Yii/chonglou/backend/web\'\n    \'CONTEXT_PREFIX\' => \'\'\n    \'REQUEST_SCHEME\' => \'http\'\n    \'DOCUMENT_ROOT\' => \'E:/www/Yii/chonglou/backend/web\'\n    \'REMOTE_ADDR\' => \'127.0.0.1\'\n    \'SERVER_PORT\' => \'80\'\n    \'SERVER_ADDR\' => \'127.0.0.1\'\n    \'SERVER_NAME\' => \'admin.chongloua.com\'\n    \'SERVER_SOFTWARE\' => \'Apache/2.4.23 (Win32) OpenSSL/1.0.2j mod_fcgid/2.3.9\'\n    \'SERVER_SIGNATURE\' => \'\'\n    \'SystemRoot\' => \'C:\\\\Windows\'\n    \'HTTP_COOKIE\' => \'_csrf-backend=7f31ba2972ead57e1d5b0f41c5a25370a07be8025007949913d0302cceff6eeba%3A2%3A%7Bi%3A0%3Bs%3A13%3A%22_csrf-backend%22%3Bi%3A1%3Bs%3A32%3A%22_4aLWGkwGb_2Ge1REk_DXm7_I4bAxZ6c%22%3B%7D; advanced-backend=22o8qu5p3v8fa6tm1pfb1io064\'\n    \'HTTP_ACCEPT_LANGUAGE\' => \'zh-CN,zh;q=0.9\'\n    \'HTTP_ACCEPT_ENCODING\' => \'gzip, deflate\'\n    \'HTTP_REFERER\' => \'http://admin.chongloua.com/article/tag/index\'\n    \'HTTP_ACCEPT\' => \'text/html,application/xhtml+xml,application/xml;q=0.9,image/webp,image/apng,*/*;q=0.8\'\n    \'HTTP_USER_AGENT\' => \'Mozilla/5.0 (Windows NT 6.1; WOW64) AppleWebKit/537.36 (KHTML, like Gecko) Chrome/65.0.3325.181 Safari/537.36\'\n    \'HTTP_UPGRADE_INSECURE_REQUESTS\' => \'1\'\n    \'HTTP_CONNECTION\' => \'close\'\n    \'HTTP_HOST\' => \'admin.chongloua.com\'\n    \'REDIRECT_STATUS\' => \'200\'\n    \'FCGI_ROLE\' => \'RESPONDER\'\n    \'PHP_SELF\' => \'/index.php\'\n    \'REQUEST_TIME_FLOAT\' => 1523633308.6956\n    \'REQUEST_TIME\' => 1523633308\n]');
INSERT INTO `sadmin_log` VALUES ('19', '2', 'yii\\log\\Dispatcher::dispatch', '1523630000', '[127.0.0.1][1][22o8qu5p3v8fa6tm1pfb1io064]', 'Unable to send log via yii\\log\\DbTarget: Exception (Database Exception) \'yii\\db\\Exception\' with message \'SQLSTATE[42S02]: Base table or view not found: 1146 Table \'chonglou.chonglou_yii_log\' doesn\'t exist\nThe SQL being executed was: INSERT INTO `chonglou_yii_log` (`level`, `category`, `log_time`, `prefix`, `message`)\n                VALUES (1, \'yii\\\\web\\\\HttpException:404\', 1523633308.7816, \'[127.0.0.1][1][22o8qu5p3v8fa6tm1pfb1io064]\', \'yii\\\\base\\\\InvalidRouteException: Unable to resolve the request \\\"article/single/index\\\". in E:\\\\www\\\\Yii\\\\chonglou\\\\vendor\\\\yiisoft\\\\yii2\\\\base\\\\Module.php:532\\nStack trace:\\n#0 E:\\\\www\\\\Yii\\\\chonglou\\\\vendor\\\\yiisoft\\\\yii2\\\\web\\\\Application.php(102): yii\\\\base\\\\Module->runAction(\\\'article/single/...\\\', Array)\\n#1 E:\\\\www\\\\Yii\\\\chonglou\\\\vendor\\\\yiisoft\\\\yii2\\\\base\\\\Application.php(380): yii\\\\web\\\\Application->handleRequest(Object(yii\\\\web\\\\Request))\\n#2 E:\\\\www\\\\Yii\\\\chonglou\\\\backend\\\\web\\\\index.php(19): yii\\\\base\\\\Application->run()\\n#3 {main}\\n\\nNext yii\\\\web\\\\NotFoundHttpException: 页面未找到。 in E:\\\\www\\\\Yii\\\\chonglou\\\\vendor\\\\yiisoft\\\\yii2\\\\web\\\\Application.php:114\\nStack trace:\\n#0 E:\\\\www\\\\Yii\\\\chonglou\\\\vendor\\\\yiisoft\\\\yii2\\\\base\\\\Application.php(380): yii\\\\web\\\\Application->handleRequest(Object(yii\\\\web\\\\Request))\\n#1 E:\\\\www\\\\Yii\\\\chonglou\\\\backend\\\\web\\\\index.php(19): yii\\\\base\\\\Application->run()\\n#2 {main}\')\' \n\nin E:\\www\\Yii\\chonglou\\vendor\\yiisoft\\yii2\\db\\Schema.php:636\n\nStack trace:\n#0 E:\\www\\Yii\\chonglou\\vendor\\yiisoft\\yii2\\db\\Command.php(856): yii\\db\\Schema->convertException(Object(PDOException), \'INSERT INTO `ch...\')\n#1 E:\\www\\Yii\\chonglou\\vendor\\yiisoft\\yii2\\log\\DbTarget.php(83): yii\\db\\Command->execute()\n#2 E:\\www\\Yii\\chonglou\\vendor\\yiisoft\\yii2\\log\\Target.php(124): yii\\log\\DbTarget->export()\n#3 E:\\www\\Yii\\chonglou\\vendor\\yiisoft\\yii2\\log\\Dispatcher.php(188): yii\\log\\Target->collect(Array, true)\n#4 E:\\www\\Yii\\chonglou\\vendor\\yiisoft\\yii2\\log\\Logger.php(177): yii\\log\\Dispatcher->dispatch(Array, true)\n#5 E:\\www\\Yii\\chonglou\\vendor\\yiisoft\\yii2\\base\\ErrorHandler.php(113): yii\\log\\Logger->flush(true)\n#6 [internal function]: yii\\base\\ErrorHandler->handleException(Object(yii\\web\\NotFoundHttpException))\n#7 {main}');
INSERT INTO `sadmin_log` VALUES ('20', '4', 'application', '1523630000', '[127.0.0.1][1][22o8qu5p3v8fa6tm1pfb1io064]', '$_COOKIE = [\n    \'_csrf-backend\' => \'7f31ba2972ead57e1d5b0f41c5a25370a07be8025007949913d0302cceff6eeba:2:{i:0;s:13:\\\"_csrf-backend\\\";i:1;s:32:\\\"_4aLWGkwGb_2Ge1REk_DXm7_I4bAxZ6c\\\";}\'\n    \'advanced-backend\' => \'22o8qu5p3v8fa6tm1pfb1io064\'\n]\n\n$_SESSION = [\n    \'__flash\' => [\n        \'Success\' => -1\n    ]\n    \'__returnUrl\' => \'/\'\n    \'rsaKey\' => [\n        \'public_key\' => \'MIIBIjANBgkqhkiG9w0BAQEFAAOCAQ8AMIIBCgKCAQEAu2X5PFCiq86sZLJ4dArFWc/Qb9wuvnrf42jNtOGVgN2Q5M5UShMgulO6LfAsSO+kh5SrFagpwWUBhAYRLQy1zRCs26UjMYeWlZAr/WajTFj0pZkylJO5NbqQqARXHU+WFdwHTsrwRT9wvuMW8RTqW+E3B98Kmbu0OFYA3mPO9VnlMQOpgmT5papDupkIHpcfkvZdcMMAiGo7c2B6RO7TF9qHAXN7qBm2VkgSAnzv46s0/o8V4NVGtgxd3EvC7OYuZeUHScsNH3wI9i80gYwSHSd/uYemVPfZxsLEuDrZKTIAryMobGTLX1re3IULvWRNS4dGjuLSn+xneHPTYUfNkQIDAQAB\'\n        \'private_key\' => \'-----BEGIN PRIVATE KEY-----\nMIIEwAIBADANBgkqhkiG9w0BAQEFAASCBKowggSmAgEAAoIBAQC7Zfk8UKKrzqxk\nsnh0CsVZz9Bv3C6+et/jaM204ZWA3ZDkzlRKEyC6U7ot8CxI76SHlKsVqCnBZQGE\nBhEtDLXNEKzbpSMxh5aVkCv9ZqNMWPSlmTKUk7k1upCoBFcdT5YV3AdOyvBFP3C+\n4xbxFOpb4TcH3wqZu7Q4VgDeY871WeUxA6mCZPmlqkO6mQgelx+S9l1wwwCIajtz\nYHpE7tMX2ocBc3uoGbZWSBICfO/jqzT+jxXg1Ua2DF3cS8Ls5i5l5QdJyw0ffAj2\nLzSBjBIdJ3+5h6ZU99nGwsS4OtkpMgCvIyhsZMtfWt7chQu9ZE1Lh0aO4tKf7Gd4\nc9NhR82RAgMBAAECggEBAKrhIZPOM4dWvfxUgWHPMIXk6bwWmsk2YlGLj4gQ67LG\nVwlM269wIbfGAU9CYh9f5jd7aUYmQW0IHYm1vpPFs0F6oyTmQGE5siZPgM1geid0\nNiGKwISa75f+t0l+K7GekMz+BevjQZTjdHubt5+94rZFd1jGGXR1pLB6O/COMnmm\nHfQ8EQBKRZ0lqYKe9waNC+oGs9azxr6AnhwtZIsTixkNOGYC78TyehEF1DuCPSQa\nWp2N1Matn2lrNsA7nr+BN1zGz8nxvKAYw+opNWANawhUy04+w37pqS1FpWtNrA2z\nTFxfb6IhDy12RblXu1y3Mc8CCYkvgx+t/VyFKj+XsQECgYEA8U54P+6lnKJ2pQyA\niY/htynGuzFr0r17uL/l4xV86rY1i5QBJYtMEmDuo4I72LBTl9VQPTk8vEeCg0Cd\nMYkvMtUJBSFLHFyUcfJP2cl0KKH7fhYE5VImoz+vpNHEHakrYg2SvrARAi+3k1LC\nz1RlMRg1ohr0MGmH+fFnO6rl6yUCgYEAxs8sUufeC1k9mSlLuLmZBXnmGT7UAK7d\n8CytpoCQCgyvzi0+bRvD+v2BkvV/+VuuQUhTrDiMqDeF8kYzip/2WoDlr/l5ZqTK\nyRsewbJBZnmYoMcKUfwcx2SsGKF/nHiOxGYFJ7lgh2SqRchHZAH3/PzhiqIokQMe\nddgw0lztov0CgYEAvwDQ2DIrbt9+MEjEGZ8FGDl+L7//y/DmVKe47NWeah7OJWyC\nt9gZ39ZQLqawfmWb1Wwotj1vIM0ttnzXsFUZQhA0spXW4V06tzMJF6eJRXxqGDSP\nrYEoSkHn4vuTU7MLPvLlfADbhbKFiZyRzRDNhF3YXjcdoJB37FSz1RwCH+0CgYEA\nsiEuNZpK+SAccP7vObQRxzZRVI1WpsYHVQqzDFxkspxraPBg3qHiFyDM2D/fSi07\nFIMZdVW1sYMOIOWFiM+Ki8yx/9onTDCbAVWrWSG+N3L7rhKozIx3vLAXAnqxPCFI\nyfAe7ljKhIVNivjH/nNFHwf1jaF9d3Cz+iKam+FnioECgYEA5DzeYMuI8SbaMztR\nSYuS61sxKt10u9OdWzYxOhmL6eZrhRNwzAlxb64BUmXwOk8tlSA10EWnGTODwv2A\nZlQ8lmnS4y+YjjDJEQN/k2KSmrINVioSe8nJdoaOtusBPpAMLLhs6sRR37JVfFEa\nkDwgispoKmT8zJAWB6SDBEXwR7c=\n-----END PRIVATE KEY-----\n\'\n    ]\n    \'__id\' => \'1\'\n    \'Success\' => \'登录成功\'\n]\n\n$_SERVER = [\n    \'PATH\' => \'C:\\\\Windows\\\\system32;C:\\\\Windows;C:\\\\Windows\\\\System32\\\\Wbem;C:\\\\Windows\\\\System32\\\\WindowsPowerShell\\\\v1.0\\\\;D:\\\\ProgramFiles\\\\mingw64\\\\bin;D:\\\\Program Files\\\\PTC\\\\Creo Elements\\\\Pro5.0\\\\bin;C:\\\\Program Files (x86)\\\\NVIDIA Corporation\\\\PhysX\\\\Common;D:\\\\Program Files\\\\Java\\\\jdk1.8.0_111\\\\bin;D:\\\\Program Files\\\\Java\\\\jre1.8.0_111\\\\bin;D:\\\\Go\\\\bin;D:\\\\phpStudy\\\\php\\\\php-7.0.12-nts;D:\\\\ProgramFiles\\\\redis;D:\\\\ProgramFiles\\\\sphinx-2.2.11-release-win64\\\\bin;D:\\\\Program Files\\\\graphviz-2.38\\\\release\\\\bin;D:\\\\Program Files\\\\Git\\\\cmd;\'\n    \'SYSTEMROOT\' => \'C:\\\\Windows\'\n    \'COMSPEC\' => \'C:\\\\Windows\\\\system32\\\\cmd.exe\'\n    \'PATHEXT\' => \'.COM;.EXE;.BAT;.CMD;.VBS;.VBE;.JS;.JSE;.WSF;.WSH;.MSC\'\n    \'WINDIR\' => \'C:\\\\Windows\'\n    \'PHP_FCGI_MAX_REQUESTS\' => \'1000\'\n    \'PHPRC\' => \'D:/phpStudy/php/php-7.0.12-nts/\'\n    \'_FCGI_SHUTDOWN_EVENT_\' => \'1984\'\n    \'SCRIPT_NAME\' => \'/index.php\'\n    \'REQUEST_URI\' => \'/article/single/index\'\n    \'QUERY_STRING\' => \'\'\n    \'REQUEST_METHOD\' => \'GET\'\n    \'SERVER_PROTOCOL\' => \'HTTP/1.1\'\n    \'GATEWAY_INTERFACE\' => \'CGI/1.1\'\n    \'REDIRECT_URL\' => \'/article/single/index\'\n    \'REMOTE_PORT\' => \'59634\'\n    \'SCRIPT_FILENAME\' => \'E:/www/Yii/chonglou/backend/web/index.php\'\n    \'SERVER_ADMIN\' => \'admin@phpStudy.net\'\n    \'CONTEXT_DOCUMENT_ROOT\' => \'E:/www/Yii/chonglou/backend/web\'\n    \'CONTEXT_PREFIX\' => \'\'\n    \'REQUEST_SCHEME\' => \'http\'\n    \'DOCUMENT_ROOT\' => \'E:/www/Yii/chonglou/backend/web\'\n    \'REMOTE_ADDR\' => \'127.0.0.1\'\n    \'SERVER_PORT\' => \'80\'\n    \'SERVER_ADDR\' => \'127.0.0.1\'\n    \'SERVER_NAME\' => \'admin.chongloua.com\'\n    \'SERVER_SOFTWARE\' => \'Apache/2.4.23 (Win32) OpenSSL/1.0.2j mod_fcgid/2.3.9\'\n    \'SERVER_SIGNATURE\' => \'\'\n    \'SystemRoot\' => \'C:\\\\Windows\'\n    \'HTTP_COOKIE\' => \'_csrf-backend=7f31ba2972ead57e1d5b0f41c5a25370a07be8025007949913d0302cceff6eeba%3A2%3A%7Bi%3A0%3Bs%3A13%3A%22_csrf-backend%22%3Bi%3A1%3Bs%3A32%3A%22_4aLWGkwGb_2Ge1REk_DXm7_I4bAxZ6c%22%3B%7D; advanced-backend=22o8qu5p3v8fa6tm1pfb1io064\'\n    \'HTTP_ACCEPT_LANGUAGE\' => \'zh-CN,zh;q=0.9\'\n    \'HTTP_ACCEPT_ENCODING\' => \'gzip, deflate\'\n    \'HTTP_REFERER\' => \'http://admin.chongloua.com/article/tag/index\'\n    \'HTTP_ACCEPT\' => \'text/html,application/xhtml+xml,application/xml;q=0.9,image/webp,image/apng,*/*;q=0.8\'\n    \'HTTP_USER_AGENT\' => \'Mozilla/5.0 (Windows NT 6.1; WOW64) AppleWebKit/537.36 (KHTML, like Gecko) Chrome/65.0.3325.181 Safari/537.36\'\n    \'HTTP_UPGRADE_INSECURE_REQUESTS\' => \'1\'\n    \'HTTP_CONNECTION\' => \'close\'\n    \'HTTP_HOST\' => \'admin.chongloua.com\'\n    \'REDIRECT_STATUS\' => \'200\'\n    \'FCGI_ROLE\' => \'RESPONDER\'\n    \'PHP_SELF\' => \'/index.php\'\n    \'REQUEST_TIME_FLOAT\' => 1523633308.6956\n    \'REQUEST_TIME\' => 1523633308\n]');

-- ----------------------------
-- Table structure for sadmin_maintain
-- ----------------------------
DROP TABLE IF EXISTS `sadmin_maintain`;
CREATE TABLE `sadmin_maintain` (
  `id` int(10) unsigned NOT NULL AUTO_INCREMENT,
  `options_type` int(11) unsigned NOT NULL DEFAULT '0' COMMENT '位置类型.tran:0=首页轮播,1=侧栏1,2=侧栏.code:0=Home Carousel figure,1=Left Side,2=Right Side.',
  `show_type` tinyint(4) NOT NULL DEFAULT '0' COMMENT '显示类型.tran:0=图片,2=文字,3=Markdown.0=Image,2=Textarea,3=Markdown.',
  `name` varchar(50) NOT NULL COMMENT '名称',
  `value` varchar(255) NOT NULL COMMENT '值',
  `sign` varchar(50) NOT NULL COMMENT '标识',
  `url` varchar(255) NOT NULL COMMENT 'URL',
  `info` varchar(255) NOT NULL COMMENT '备注',
  `sort` int(11) NOT NULL COMMENT '排序',
  `add_time` int(11) NOT NULL DEFAULT '0' COMMENT '添加时间',
  `edit_time` int(11) NOT NULL DEFAULT '0' COMMENT '修改时间',
  `status` tinyint(4) NOT NULL DEFAULT '1' COMMENT '状态.tran:0=禁用,1=启用.code:0=Forbbiden,1=Available.',
  PRIMARY KEY (`id`)
) ENGINE=InnoDB AUTO_INCREMENT=3 DEFAULT CHARSET=utf8 COMMENT='运营';

-- ----------------------------
-- Records of sadmin_maintain
-- ----------------------------
INSERT INTO `sadmin_maintain` VALUES ('1', '0', '0', 'asdfasfas', '/upload/img/7930639c2d0c4e54ff99df7659df649d.png', 'asdfasfasdfdsaf', '/askldfjka/asdfkaksl', 'asdfasdfdasfasdf', '11', '1522251818', '1522515509', '0');
INSERT INTO `sadmin_maintain` VALUES ('2', '25', '0', '好文章', '/upload/img/9f89537a5e40a04aba9a98f56b86222d.png', 'aasdfas', '/article/default/index', '阿隆索肯德基防空雷达数据', '10', '1522463042', '1522467680', '1');

-- ----------------------------
-- Table structure for sadmin_menu
-- ----------------------------
DROP TABLE IF EXISTS `sadmin_menu`;
CREATE TABLE `sadmin_menu` (
  `id` int(11) unsigned NOT NULL AUTO_INCREMENT,
  `position` tinyint(4) NOT NULL DEFAULT '0' COMMENT '位置.tran:0=左,1=上,2=右,3=下.code:0=Left,1=Top,2=Right,3=Botton.',
  `parent_id` int(11) unsigned NOT NULL DEFAULT '0' COMMENT '父级id',
  `name` varchar(255) COLLATE utf8_unicode_ci NOT NULL COMMENT '名称',
  `url` varchar(255) COLLATE utf8_unicode_ci NOT NULL COMMENT 'url地址',
  `icon` varchar(255) COLLATE utf8_unicode_ci DEFAULT '' COMMENT '图标',
  `sort` float unsigned NOT NULL DEFAULT '0' COMMENT '排序',
  `target` varchar(255) COLLATE utf8_unicode_ci NOT NULL DEFAULT '_self' COMMENT '打开方式.tran:_blank=新窗口,_self=本窗口.code:_blank=New Tag,_self=Self Window',
  `is_absolute_url` tinyint(6) unsigned NOT NULL DEFAULT '0' COMMENT '是否绝对地址.tran:0=否,1=是.code:0=No,1=Yes.',
  `is_display` tinyint(6) unsigned NOT NULL DEFAULT '1' COMMENT '是否显示.tran:0=否,1=是.code:0=No,1=Yes.',
  `recycle` tinyint(3) unsigned NOT NULL DEFAULT '0' COMMENT '删除.tran:0=否,1=是.code:0=No,1=Yes.',
  `add_time` int(11) unsigned NOT NULL COMMENT '添加时间',
  `edit_time` int(11) unsigned NOT NULL DEFAULT '0' COMMENT '修改时间',
  `top_id` int(11) NOT NULL DEFAULT '0' COMMENT '父级ID',
  `module` varchar(50) COLLATE utf8_unicode_ci DEFAULT NULL COMMENT '模块',
  `controller` varchar(50) COLLATE utf8_unicode_ci DEFAULT NULL COMMENT '控制器',
  `action` varchar(50) COLLATE utf8_unicode_ci DEFAULT NULL COMMENT '方法',
  PRIMARY KEY (`id`)
) ENGINE=InnoDB AUTO_INCREMENT=62 DEFAULT CHARSET=utf8 COLLATE=utf8_unicode_ci;

-- ----------------------------
-- Records of sadmin_menu
-- ----------------------------
INSERT INTO `sadmin_menu` VALUES ('1', '0', '0', '首页', '/', 'fa fa-home', '0', '_self', '0', '1', '0', '1521036199', '1526739359', '0', null, null, null);
INSERT INTO `sadmin_menu` VALUES ('2', '0', '0', '系统', '/system/default/index', 'fa fa-train', '0', '_self', '0', '1', '0', '1520943218', '1526739359', '0', null, null, null);
INSERT INTO `sadmin_menu` VALUES ('3', '0', '0', '设置', '/setting', 'fa fa-cog', '0', '_self', '0', '1', '0', '1521868490', '1526785567', '0', 'setting', '', '');
INSERT INTO `sadmin_menu` VALUES ('4', '0', '3', '后台菜单', '/setting/backend-menu/index', 'fa fa-list-ul', '0', '_self', '0', '1', '0', '1521869641', '1526786529', '0', 'setting', 'backend-menu', 'index');
INSERT INTO `sadmin_menu` VALUES ('5', '0', '3', '前台菜单', '/setting/frontend-menu/index', 'fa fa-bars', '0', '_self', '0', '1', '0', '1521882820', '1526787771', '0', 'setting', 'frontend-menu', 'index');
INSERT INTO `sadmin_menu` VALUES ('6', '0', '3', '前台设置', '/setting/frontend-options/index', 'fa fa-user-secret', '0', '_self', '0', '1', '0', '1521969996', '1526787875', '0', 'setting', 'frontend-options', 'index');
INSERT INTO `sadmin_menu` VALUES ('13', '0', '0', '用户', '/user', 'fa fa-users', '0', '_self', '0', '1', '0', '1505570745', '1526809815', '0', 'user', '', '');
INSERT INTO `sadmin_menu` VALUES ('27', '0', '0', '运营管理', '/maintain', 'fa fa-ils', '0', '_self', '0', '1', '0', '1505637000', '1526739359', '0', null, null, null);
INSERT INTO `sadmin_menu` VALUES ('28', '0', '27', 'Banner管理', '/maintain/banner/index', 'fa fa-map', '0', '_self', '0', '1', '0', '1505637000', '1526739359', '0', null, null, null);
INSERT INTO `sadmin_menu` VALUES ('29', '0', '27', '广告管理', 'ad/index', 'fa fa-flag-checkered', '0', '_self', '0', '1', '0', '1505637000', '1526739050', '0', null, null, null);
INSERT INTO `sadmin_menu` VALUES ('31', '0', '0', '内容', '/article', 'fa fa-file-o', '0', '_self', '0', '1', '0', '1520873439', '1526808726', '0', 'article', '', '');
INSERT INTO `sadmin_menu` VALUES ('32', '0', '31', '文章', '/article/article/index', 'fa fa-file-text', '0', '_self', '0', '1', '0', '1520874846', '1526808693', '0', 'article', 'article', 'index');
INSERT INTO `sadmin_menu` VALUES ('35', '0', '2', '菜单', '/system/menu/index', 'fa fa-list-ol', '0', '_self', '0', '1', '0', '1520949853', '1526739050', '0', null, null, null);
INSERT INTO `sadmin_menu` VALUES ('37', '0', '31', '评论', '/article/article-commit', 'fa fa-comments-o', '0', '_self', '0', '1', '0', '1521036315', '1526808924', '0', 'article', 'article-commit', 'index');
INSERT INTO `sadmin_menu` VALUES ('38', '0', '31', '分类', '/article/article-cate/index', 'fa fa-th', '0', '_self', '0', '1', '0', '1521126691', '1526808777', '0', 'article', 'article-cate', 'index');
INSERT INTO `sadmin_menu` VALUES ('39', '0', '31', '标签', '/article/tag/index', 'fa fa-tag', '0', '_self', '0', '1', '0', '1521126891', '1526809301', '0', 'article', 'tag', 'index');
INSERT INTO `sadmin_menu` VALUES ('40', '0', '2', '通知设置', '/system/toastr', 'fa fa-bell-o', '0', '_self', '0', '0', '0', '1521549369', '1526739050', '0', null, null, null);
INSERT INTO `sadmin_menu` VALUES ('45', '0', '0', '日志', '/log', 'fa fa-copy', '0', '_self', '0', '1', '0', '1522160183', '1526809505', '0', 'log', '', '');
INSERT INTO `sadmin_menu` VALUES ('46', '0', '45', '管理员日志', '/log/admin-log', 'fa fa-user-circle', '0', '_self', '0', '1', '0', '1522160321', '1526809660', '0', 'log', 'admin-log', 'index');
INSERT INTO `sadmin_menu` VALUES ('47', '0', '45', 'Yii框架日志', '/log/log/index', 'fa fa-bug', '0', '_self', '0', '1', '0', '1522160396', '1526811593', '0', 'log', 'log', 'index');
INSERT INTO `sadmin_menu` VALUES ('49', '0', '0', '权限', '/auth', 'fa fa-cogs', '0', '_self', '0', '1', '0', '1522161245', '1526739050', '0', null, null, null);
INSERT INTO `sadmin_menu` VALUES ('50', '0', '49', '管理员', '/auth/admin', 'fa fa-user-circle', '0', '_self', '0', '1', '0', '1522161618', '1526739050', '0', null, null, null);
INSERT INTO `sadmin_menu` VALUES ('51', '0', '49', '角色', '/auth/role', 'fa fa-smile-o', '0', '_self', '0', '1', '0', '1522161686', '1526739036', '0', null, null, null);
INSERT INTO `sadmin_menu` VALUES ('52', '0', '49', '权限', '/auth/permission', 'fa fa-toggle-on', '0', '_self', '0', '1', '0', '1522161754', '1526739050', '0', null, null, null);
INSERT INTO `sadmin_menu` VALUES ('53', '2', '0', '管理员', '/admin', 'fa fa-envelope-o', '0', '_self', '0', '1', '0', '1522771586', '1526723838', '0', null, null, null);
INSERT INTO `sadmin_menu` VALUES ('54', '0', '31', '单页', '/article/single/index', 'fa fa-file-powerpoint-o', '0', '_self', '0', '1', '0', '1523193072', '1526739050', '0', null, null, null);
INSERT INTO `sadmin_menu` VALUES ('55', '0', '2', '通知', '/admin/message/index', 'fa fa-bell-o', '0', '_self', '0', '1', '0', '1523451414', '1526739050', '0', null, null, null);
INSERT INTO `sadmin_menu` VALUES ('56', '0', '2', 'php信息', '/system/default/php-info', 'fa fa-product-hunt', '2', '_blank', '0', '1', '0', '1523457872', '1526810911', '0', 'system', 'default', 'php-info');
INSERT INTO `sadmin_menu` VALUES ('57', '0', '13', '用户', '/user/user/index', 'fa fa-user-o', '0', '_self', '0', '1', '0', '1526809869', '0', '0', 'user', 'user', 'index');
INSERT INTO `sadmin_menu` VALUES ('58', '0', '2', '后台缓存', '/system/cache/backend', 'fa fa-hourglass-1', '0', '_self', '0', '1', '0', '1526811432', '1526811457', '0', 'system', 'cache', 'backend');
INSERT INTO `sadmin_menu` VALUES ('59', '0', '2', '前台缓存', '/system/cache/frontend', 'fa fa-hourglass-3', '0', '_self', '0', '1', '0', '1526811500', '1526811529', '0', 'system', 'cache', 'frontend');
INSERT INTO `sadmin_menu` VALUES ('60', '0', '45', 'php日志', '/log/default/php-log', 'fa fa-file-text-o', '0', '_self', '0', '1', '0', '1526811637', '1526811653', '0', 'log', 'default', 'php-log');
INSERT INTO `sadmin_menu` VALUES ('61', '0', '45', 'nginx 日志', '/log/default/nginx-log', 'fa fa-file-text', '0', '_self', '0', '1', '0', '1526811710', '0', '0', 'log', 'default', 'nginx-log');
